,speaker,occupation
0,Ken Robinson,Author/educator
1,Al Gore,Climate advocate
2,David Pogue,Technology columnist
3,Majora Carter,Activist for environmental justice
4,Hans Rosling,Global health expert; data visionary
5,Tony Robbins,Life coach; expert in leadership psychology
6,Julia Sweeney,"Actor, comedian, playwright"
7,Joshua Prince-Ramus,Architect
8,Dan Dennett,"Philosopher, cognitive scientist"
9,Rick Warren,"Pastor, author"
10,Cameron Sinclair,"Co-founder, Architecture for Humanity"
11,Jehane Noujaim,Filmmaker
12,Larry Brilliant,"Epidemiologist, philanthropist"
13,Jeff Han,Human-computer interface designer
14,Nicholas Negroponte,Tech visionary
15,Sirena Huang,Violinist
16,Jennifer Lin,"Pianist, composer"
17,Amy Smith,"inventor, engineer"
18,Ross Lovegrove,Industrial designer
19,Jimmy Wales,Founder of Wikipedia
20,Richard Baraniuk,Education visionary
21,Ze Frank,"Humorist, web artist"
22,Mena Trott,"Blogger; cofounder, Six Apart"
23,Helen Fisher,"Anthropologist, expert on love"
24,Eve Ensler,"Playwright, activist"
25,David Deutsch,Quantum physicist
26,Richard Dawkins,Evolutionary biologist
27,Steven Levitt,Economist
28,Malcolm Gladwell,Writer
29,Dan Gilbert,Psychologist; happiness expert
30,Barry Schwartz,Psychologist
31,Eva Vertes,Neuroscience and cancer researcher
32,Aubrey de Grey,Crusader against aging
33,Iqbal Quadir,"Founder, GrameenPhone"
34,Jacqueline Novogratz,Investor and advocate for moral leadership
35,Sasa Vucinic,Nonprofit venture capitalist
36,Ashraf Ghani,President-elect of Afghanistan
37,Burt Rutan,Aircraft engineer
38,Ben Saunders,Arctic explorer
39,Bono,"Musician, activist"
40,Edward Burtynsky,Photographer
41,Robert Fischell,Biomedical inventor
42,Peter Donnelly,Mathematician; statistician
43,Michael Shermer,Skeptic
44,Ray Kurzweil,"Inventor, futurist"
45,Kevin Kelly,Digital visionary
46,Peter Gabriel,"Musician, activist"
47,Richard St. John,"Marketer, success analyst"
48,Rives,"Performance poet, multimedia artist"
49,Dean Ornish,"Physician, author"
50,Robert Neuwirth,Author
51,Bjorn Lomborg,Global prioritizer
52,Wade Davis,"Anthropologist, ethnobotanist"
53,Phil Borges,Photographer
54,Martin Rees,Astrophysicist
55,Robert Wright,"Journalist, philosopher"
56,Steven Johnson,Writer
57,Charles Leadbeater,Innovation consultant
58,Pilobolus,Dance company
59,Anna Deavere Smith,"Actor, playwright, social critic"
60,Saul Griffith,Inventor
61,Neil Gershenfeld,"Physicist, personal fab pioneer"
62,Carl Honoré,Journalist
63,Bill Clinton,Activist
64,E.O. Wilson,Biologist
65,James Nachtwey,Photojournalist
66,Jane Goodall,Primatologist; environmentalist
67,Seth Godin,Marketer and author
68,James Watson,"Biologist, Nobel laureate"
69,Al Seckel,Master of visual illusions
70,Dean Kamen,Inventor
71,Juan Enriquez,Futurist
72,Stefan Sagmeister,Graphic designer
73,Alex Steffen,Planetary futurist
74,Thom Mayne,Architect
75,Chris Bangle,Car designer
76,Nora York,"Singer, performance artist"
77,Paul Bennett,"Designer; creative director, Ideo"
78,Vik Muniz,Artist
79,Nick Bostrom,Philosopher
80,Janine Benyus,"Science writer, innovation consultant, conservationist"
81,Craig Venter,"Biologist, genetics pioneer"
82,Golan Levin,Experimental audio-visual artist
83,Susan Savage-Rumbaugh,Primate authority
84,Frans Lanting,Nature photographer
85,Sheila Patek,"Biologist, biomechanics researcher"
86,Jill Sobule,Singer/songwriter
87,Caroline Lavelle,Cellist; singer-songwriter
88,Dan Dennett,"Philosopher, cognitive scientist"
89,Evelyn Glennie,Musician
90,William McDonough,Architect
91,Jeff Bezos,Online commerce pioneer
92,Rives,"Performance poet, multimedia artist"
93,Eddi Reader,Singer/songwriter
94,Eddi Reader,Singer/songwriter
95,Tom Honey,Priest
96,Richard Dawkins,Evolutionary biologist
97,Tom Rielly,Satirist
98,Rachelle Garniez,Musician
99,Chris Anderson,Drone maker
100,Natalie MacMaster,Fiddler
101,Sergey Brin + Larry Page,"Computer scientist, entrepreneur and philanthropist"
102,Stew,Singer/songwriter
103,James Howard Kunstler,Social critic
104,David Kelley,"Designer, educator"
105,Stewart Brand,"Environmentalist, futurist"
106,Jeff Hawkins,"Computer designer, brain researcher"
107,Tierney Thys,Marine biologist
108,Blaise Agüera y Arcas,Software architect
109,John Doerr,Venture capitalist
110,Ngozi Okonjo-Iweala,Economist
111,Anand Agarawala,Interaction designer; software developer
112,Robert Thurman,Buddhist scholar
113,David Rockwell,"Architect, experience designer"
114,Thomas Barnett,Military strategist
115,Ethel,String quartet
116,Stephen Lawler,General manager of Microsoft's Virtual Earth
117,Hans Rosling,Global health expert; data visionary
118,Bill Stone,"Explorer, inventor and outer space dreamer"
119,Dan Dennett,"Philosopher, cognitive scientist"
120,Alan Russell,Medical futurist
121,Jonathan Harris,"Artist, storyteller, Internet anthropologist"
122,Emily Oster,Assumption-busting economist
123,Will Wright,Game designer
124,Rives,"Performance poet, multimedia artist"
125,David Bolinsky,Medical animator
126,Allison Hunt,Marketing expert
127,George Ayittey,Economist
128,Ngozi Okonjo-Iweala,Economist
129,William Kamkwamba,Inventor
130,Euvin Naidoo,Investment banker
131,Patrick Awuah,University founder
132,Chris Abani,"Novelist, poet"
133,Jacqueline Novogratz,Investor and advocate for moral leadership
134,Vusi Mahlasela,"Musician, activist"
135,Vusi Mahlasela,"Musician, activist"
136,Jeff Skoll,Producer
137,Dean Kamen,Inventor
138,Erin McKean,Dictionary editor
139,Andrew Mwenda,Journalist
140,Theo Jansen,Artist
141,Steven Pinker,Psychologist
142,Steven Pinker,Psychologist
143,Deborah Scranton,Filmmaker
144,Zeresenay Alemseged,Paleoanthropologist
145,John Maeda,Artist
146,Stephen Petranek,Technology forecaster 
147,Paul MacCready,Engineer
148,Carolyn Porco,Planetary scientist
149,Kenichi Ebina,Dancer
150,Richard Branson,Entrepreneur
151,Hod Lipson,Roboticist
152,Maira Kalman,"Illustrator, author"
153,Jan Chipchase,User anthropologist
154,VS Ramachandran,Brain expert
155,Eleni Gabre-Madhin,Economist
156,Sherwin Nuland,Doctor
157,Matthieu Ricard,"Monk, author, photographer"
158,Lawrence Lessig,Legal activist
159,Paul Rothemund,DNA origamist
160,David Keith,Environmental scientist
161,Juan Enriquez,Futurist
162,Larry Brilliant,"Epidemiologist, philanthropist"
163,Robert Full,Biologist
164,Ron Eglash,Mathematician
165,Philippe Starck,Designer
166,Murray Gell-Mann,Physicist
167,Amory Lovins,"Physicist, energy guru"
168,Arthur Benjamin,Mathemagician
169,Daniel Goleman,Psychologist
170,Lakshmi Pratury,Connector
171,Gever Tulley,Tinkerer
172,Isabel Allende,Novelist
173,Yossi Vardi,Investor
174,Deborah Gordon,Ecologist
175,J.J. Abrams,Filmmaker
176,David Gallo,Oceanographer
177,Paola Antonelli,Design curator
178,Frank Gehry,Architect
179,Raul Midon,Guitarist
180,Bill Strickland,Social innovator
181,Bernie Dunlap,College president
182,David Pogue,Technology columnist
183,Alison Jackson,Artist
184,Chris Anderson,TED Curator
185,Robin Chase,Transport networker
186,Jaime Lerner,City evangelist
187,David Macaulay,Illustrator
188,Michael Pollan,Environmental writer
189,Howard Rheingold,Digital community builder
190,Pamelia Kurstin,Theremin player
191,George Dyson,Historian of science
192,Moshe Safdie,Architect
193,Jill Sobule + Julia Sweeney,Singer/songwriter
194,Raspyni Brothers,Jugglers
195,Joseph Lekuton,Kenyan MP
196,Steve Jurvetson,Venture capitalist
197,Roy Gould + Curtis Wong,Researcher
198,Alan Kay,Educator and computing pioneer
199,Craig Venter,"Biologist, genetics pioneer"
200,Nicholas Negroponte,Tech visionary
201,Jill Bolte Taylor,Neuroanatomist
202,Frank Gehry,Architect
203,Dave Eggers,"Author, publisher, education activist"
204,Karen Armstrong,Religious scholar
205,Neil Turok,"Physicist, education activist"
206,Norman Foster,Architect
207,Christopher deCharms,Brain researcher
208,Clifford Stoll,"Astronomer, educator, skeptic"
209,Rokia Traore,Singer-songwriter
210,Siegfried Woldhek,Illustrator
211,David Hoffman,Filmmaker
212,Jakob Trollback,Designer
213,Stephen Hawking,Theoretical physicist
214,Al Gore,Climate advocate
215,Johnny Lee,Human-computer interaction researcher
216,Tod Machover + Dan Ellsey,"Composer, inventor"
217,Yochai Benkler,Legal expert
218,Ernest Madu,Cardiologist
219,Amy Tan,Novelist
220,Brian Greene,Physicist
221,Brian Cox,Physicist 
222,They Might Be Giants,Band
223,Hector Ruiz,CEO
224,Paul Stamets,Mycologist
225,Paul Ewald,Evolutionary biologist
226,Michael Moschen,Juggler
227,Joshua Klein,Hacker
228,Alisa Miller,"CEO, Public Radio International (PRI)"
229,Mark Bittman,Food writer
230,Robert Ballard,Oceanographer
231,Yves Behar,Designer
232,Arthur Ganson,Sculptor
233,Seyi Oyesola,Doctor
234,Paul Collier,Economist
235,Susan Blackmore,Memeticist
236,Nathan Myhrvold,Polymath
237,Rokia Traore,Singer-songwriter
238,Wade Davis,"Anthropologist, ethnobotanist"
239,Murray Gell-Mann,Physicist
240,George Dyson,Historian of science
241,Chris Jordan,Artist
242,Dean Ornish,"Physician, author"
243,Robert Full,Biologist
244,Adam Grosser,Venture capitalist
245,Steven Levitt,Economist
246,Benjamin Zander,Conductor
247,Nicholas Negroponte,Tech visionary
248,Nellie McKay,Singer/songwriter
249,Sxip Shirey + Rachelle Garniez,Musician
250,Peter Diamandis,Space activist
251,Rick Smolan,Photographer
252,Raul Midon,Guitarist
253,Corneille Ewango,Botanist and activist
254,Torsten Reil,Animating neurobiologist
255,David Hoffman,Filmmaker
256,Clay Shirky,Social Media Theorist
257,Nellie McKay,Singer/songwriter
258,Freeman Dyson,Physicist
259,Helen Fisher,"Anthropologist, expert on love"
260,Billy Graham,Preacher
261,AJ Jacobs,Author
262,Keith Barry,Magician
263,Martin Seligman,Psychologist
264,Marisa Fick-Jordan,"Craft artist, product designer"
265,Chris Abani,"Novelist, poet"
266,Louise Leakey,Paleoanthropologist
267,Jonathan Harris,"Artist, storyteller, Internet anthropologist"
268,Reed Kroloff,Architecture critic
269,Kevin Kelly,Digital visionary
270,Kwabena Boahen,Bioengineer
271,Robert Lang,Origamist
272,Bruno Bowden + Rufus Cappadocia,Engineer and origamist
273,Patricia Burchat,Particle physicist
274,Spencer Wells,Genographer
275,David Griffin,"Director of photography, National Geographic"
276,Lennart Green,Close-up card magician
277,Ian Dunbar,Animal behaviorist
278,Nellie McKay,Singer/songwriter
279,John Q. Walker,Musician and inventor
280,Sugata Mitra,Education researcher
281,Ory Okolloh,Blogger and activist
282,Einstein the Parrot,African grey parrot
283,Paul Rothemund,DNA origamist
284,Peter Diamandis,Space activist
285,Peter Hirshberg,"Entrepreneur, marketer"
286,Jonathan Drori,Educator
287,Jane Goodall,Primatologist; environmentalist
288,Irwin Redlener,"Physician, disaster-preparedness activist"
289,Brewster Kahle,Digital librarian
290,David Gallo,Oceanographer
291,Carmen Agra Deedy,Storyteller
292,Keith Bellows,Traveler
293,Ann Cooper,Lunch lady
294,Jonathan Haidt,Social psychologist
295,Eve Ensler,"Playwright, activist"
296,David S. Rose,Angel Investor
297,Marvin Minsky,AI pioneer
298,Philip Zimbardo,Psychologist
299,Laura Trice,"Counselor, coach and baker"
300,Caleb Chung,Toy designer
301,Steven Pinker,Psychologist
302,Rodney Brooks,Roboticist
303,Stefan Sagmeister,Graphic designer
304,Noah Feldman,Constitutional law scholar
305,Liz Diller,Designer
306,James Nachtwey,Photojournalist
307,David Perry,Game designer
308,Doris Kearns Goodwin,Historian
309,Steven Johnson,Writer
310,James Burchfield,Human beatbox
311,Garrett Lisi,Physicist
312,Paola Antonelli,Design curator
313,Virginia Postrel,Journalist
314,Dean Ornish,"Physician, author"
315,John Hodgman,Expert
316,Paul MacCready,Engineer
317,Mihaly Csikszentmihalyi,Positive psychologist
318,Kristen Ashburn,Photographer
319,Jared Diamond,Civilization scholar
320,Rives,"Performance poet, multimedia artist"
321,Zach Kaplan + Keith Schacht,Inventor
322,Newton Aduaka,Filmmaker
323,Jackie Tabick,Spiritual leader
324,Dayananda Saraswati,Vedantic teacher
325,James Forbes,Preacher
326,Feisal Abdul Rauf, Chairman of the Cordoba Initiative
327,Robert Thurman,Buddhist scholar
328,Robert Wright,"Journalist, philosopher"
329,Graham Hawkes,Inventor
330,James Surowiecki,Finance journalist
331,John Francis,Planet walker
332,Tim Brown,Designer
333,Luca Turin,Nose
334,Lee Smolin,Physicist
335,Samantha Power,Political scientist and journalist
336,Charles Elachi,Planetary scientist
337,Ursus Wehrli,Comedian
338,Stewart Brand,"Environmentalist, futurist"
339,Isaac Mizrahi,Fashion designer
340,Franco Sacchi,Filmmaker
341,George Smoot,Astrophysicist
342,Bill Joy,Technologist and futurist
343,Dan Barber,Chef
344,Andy Hobsbawm,Internet entrepreneur
345,Gregory Petsko,Bioengineer
346,Richard Preston,Writer
347,Philip Rosedale,Entrepreneur
348,Larry Burns,Automotive researcher
349,Nick Sears,Inventor
350,David Holt,Folk musician
351,Eva Zeisel,Designer
352,Dennis vanEngelsdorp,Bee expert
353,Jay Walker,Entrepreneur
354,Dan Gilbert,Psychologist; happiness expert
355,Benjamin Wallace,Author
356,Penelope Boston,Cave scientist
357,Steven Strogatz,Mathematician
358,Nicholas Negroponte,Tech visionary
359,Jennifer 8. Lee,Reporter
360,Kary Mullis,Biochemist
361,John Maeda,Artist
362,Paul Sereno,Paleontologist
363,Paul Moller,Inventor
364,Greg Lynn,Designer
365,Rob Forbes,Designer
366,Scott McCloud,Cartoonist
367,Peter Reinhart,Baker
368,Joseph Pine,Writer
369,Paula Scher,Designer at play
370,David Carson,Type designer
371,Jamais Cascio,World-builder
372,Barry Schuler,Entrepreneur
373,Sherwin Nuland,Doctor
374,Woody Norris,Inventor
375,Peter Ward,Paleontologist
376,Aimee Mullins,Athlete and actor
377,Joe DeRisi,Biochemist
378,Natalie MacMaster,Fiddler
379,Bill Gross,Idea guy
380,Bill Gates,Philanthropist
381,Elizabeth Gilbert,Writer
382,Milton Glaser,Graphic designer
383,David Merrill,MIT grad student
384,Barry Schwartz,Psychologist
385,Juan Enriquez,Futurist
386,José Antonio Abreu,Maestro
387,Gustavo Dudamel and the Teresa Carreño Youth Orchestra,Ensemble
388,Sylvia Earle,Oceanographer
389,Jill Tarter,Astronomer
390,Ed Ulbrich,Visual storyteller
391,Charles Moore,Oceanographer
392,Richard Pyle,Ichthyologist
393,Miru Kim,Photographer and explorer
394,Evan Williams,Twitter co-founder
395,Brenda Laurel,Designer and theorist
396,Willie Smits,Conservationist
397,Nalini Nadkarni,Tree researcher
398,Mike Rowe,TV host
399,Eric Lewis,Pianist
400,Don Norman,Cognitive scientist and design critic
401,Pattie Maes + Pranav Mistry,Researcher
402,Aimee Mullins,Athlete and actor
403,Stuart Brown,"Play researcher, psychiatrist"
404,Tim Berners-Lee,Inventor
405,Dan Dennett,"Philosopher, cognitive scientist"
406,Dan Ariely,Behavioral economist
407,Adam Savage,"Maker, critical thinker"
408,Bruce McCall,Humorist
409,Kamal Meattle,Business owner and activist
410,Saul Griffith,Inventor
411,Jacqueline Novogratz,Investor and advocate for moral leadership
412,David Pogue,Technology columnist
413,John Wooden,Coach
414,Nathan Wolfe,Virus hunter
415,C.K. Williams,Poet
416,Jacek Utko,Newspaper designer
417,Ueli Gegenschatz,Aerialist
418,Christopher C. Deam,Designer
419,P.W. Singer,Military analyst
420,Nathaniel Kahn,Filmmaker
421,Bruce Bueno de Mesquita,Political scientist
422,Bonnie Bassler,Molecular biologist
423,Emily Levine,Philosopher-comic
424,Renny Gleeson,Skeptimist
425,Shai Agassi,Green auto pioneer
426,Gregory Stock,"Author, thinker"
427,JoAnn Kuchera-Morin,Composer
428,Tim Ferriss,"Investor, human guinea pig, author"
429,Matthew Childs,"Marketer, rock climber"
430,Margaret Wertheim,Figurer
431,Niels Diffrient,Designer
432,Erik Hersman,Technologist
433,Nate Silver,Statistician
434,Ben Katchor,Cartoonist
435,Alex Tabarrok,Economist
436,Michael Merzenich,Neuroscientist
437,Sarah Jones,Polymorphic playwright
438,Laurie Garrett,Science journalist
439,Brian Cox,Physicist 
440,Sean Gourley,Physicist and military theorist
441,Mae Jemison,"Astronaut, engineer, entrepreneur, physician and educator"
442,Tom Shannon,Sculptor
443,Al Gore,Climate advocate
444,Louise Fresco,Food and agriculture expert
445,Seth Godin,Marketer and author
446,Eric Lewis,Pianist
447,Hans Rosling,Global health expert; data visionary
448,Nandan Nilekani,Technologist and visionary
449,Naturally 7,A capella ensemble
450,Ray Anderson,Sustainable-business pioneer
451,Dan Ariely,Behavioral economist
452,Mary Roach,Writer
453,Carolyn Porco,Planetary scientist
454,Yves Behar,Designer
455,Joachim de Posada,Speaker and author
456,Jay Walker,Entrepreneur
457,Michelle Obama,First Lady of the United States
458,Jonathan Drori,Educator
459,Kaki King,Guitarist
460,Liz Coleman,College president
461,Ray Kurzweil,"Inventor, futurist"
462,Yann Arthus-Bertrand,Photographer
463,Felix Dennis,"Publisher, philanthropist, poet"
464,Pete Alcorn,Media exec
465,John La Grou,Inventor
466,Kevin Surace,"Engineer, executive"
467,Nancy Etcoff,Evolutionary psychologist
468,Robert Full,Biologist
469,Richard St. John,"Marketer, success analyst"
470,Jane Poynter,Biospherian
471,Clay Shirky,Social Media Theorist
472,Diane Benscoter,Deprogrammer
473,Catherine Mohr,Roboticist
474,Qi Zhang,Organist
475,Philip Zimbardo,Psychologist
476,Paul Collier,Economist
477,Katherine Fulton,New philanthropist
478,Ray Zahab,Endurance runner
479,Arthur Benjamin,Mathemagician
480,Gever Tulley,Tinkerer
481,Daniel Libeskind,Architect
482,Eames Demetrios,Artist
483,Tom Wujec,Designer
484,Sophal Ear,Development economist
485,Kary Mullis,Biochemist
486,Stewart Brand,"Environmentalist, futurist"
487,Olafur Eliasson,Sculptor of light and space
488,Daniel Kraft,Physician scientist
489,Jim Fallon,Neurobiologist
490,Nina Jablonski,Anthropologist
491,Gordon Brown,British Prime Minister
492,Alain de Botton,Philosopher
493,Golan Levin,Experimental audio-visual artist
494,Elaine Morgan,Aquatic ape theorist
495,Willard Wigan,Micro-sculptor
496,Michael Pritchard,Inventor
497,Paul Romer,"Chief Economist and Senior Vice President, World Bank"
498,Janine Benyus,"Science writer, innovation consultant, conservationist"
499,Emmanuel Jal,Hip-hop artist
500,Dan Pink,Career analyst
501,Eric Giler,Wireless electrician
502,Hans Rosling,Global health expert; data visionary
503,Natasha Tsakos,Artist
504,Cary Fowler,Biodiversity archivist
505,Joshua Silver,Optical innovator
506,Geoff Mulgan,Social commentator
507,Evan Grant,Creative technologist
508,Steve Truglia,Stuntman
509,James Balog,Photographer
510,Lewis Pugh,Coldwater swimmer
511,Rebecca Saxe,Cognitive neuroscientist
512,Vishal Vaid,Musician
513,Misha Glenny,Underworld investigator
514,Bjarke Ingels,Architect
515,John Lloyd,Producer
516,Oliver Sacks,Neurological anthropologist
517,Imogen Heap,Musician
518,Jonathan Zittrain,Net watchdog
519,Evgeny Morozov,Internet scientist
520,William Kamkwamba,Inventor
521,Taryn Simon,Photographer
522,Jacqueline Novogratz,Investor and advocate for moral leadership
523,Parag Khanna,Global strategist
524,Tim Brown,Designer
525,Karen Armstrong,Religious scholar
526,Garik Israelian,Astrophysicist
527,Stefan Sagmeister,Graphic designer
528,Carolyn Steel,Food urbanist
529,David Logan,Professor of management
530,Chimamanda Ngozi Adichie,Novelist
531,Beau Lotto,"Neuroscientist, Artist"
532,Sam Martin,Writer
533,Eric Sanderson,Landscape ecologist
534,David Hanson,Robotics designer
535,Rory Sutherland,Advertising guru
536,Henry Markram,Neuroscientist
537,Julian Treasure,Sound consultant
538,John Gerzema,Marketing whiz
539,Paul Debevec,Computer graphics pioneer
540,Itay Talgam,Conductor and leadership expert
541,Marc Koska,Inventor
542,Ian Goldin,"Economist, development visionary"
543,David Deutsch,Quantum physicist
544,Rachel Armstrong,"Applied scientist, innovator"
545,Becky  Blanton,Writer
546,Marcus du Sautoy,Mathematician
547,Matthew White,Brass virtuoso
548,Stefana Broadbent,Tech anthropologist
549,Cameron Sinclair,"Co-founder, Architecture for Humanity"
550,Rachel Pike,Atmospheric chemist
551,Edward Burtynsky,Photographer
552,Cynthia Schneider,Cultural diplomacy expert
553,Pranav Mistry,"Director of research, Samsung Research America"
554,Mathieu Lehanneur,Designer
555,Fields Wicker-Miurin,Social entrepreneur
556,Devdutt Pattanaik,Mythologist
557,Tom Wujec,Designer
558,Hans Rosling,Global health expert; data visionary
559,Rob Hopkins,Resilience leader
560,Magnus Larsson,Dune architect
561,Mallika Sarabhai,"Dancer, actor, activist"
562,Shashi Tharoor,Politician and writer
563,Gordon Brown,British Prime Minister
564,Andrea Ghez,Astronomer
565,Anupam Mishra,Environmental activist
566,Scott Kim,Puzzlemaster
567,Sunitha Krishnan,Anti-trafficking crusader
568,Rory  Bremner,Comedian
569,Marc Pachter,Cultural Historian
570,Thulasiraj Ravilla,Vision activist
571,Shereen El Feki,Arab sexuality expert
572,Loretta Napoleoni,Macroeconomist
573,Ryan Lobo,Photographer
574,Alexis Ohanian,Entrepreneur
575,Charles Anderson,Marine biologist
576,James Geary,Aphorist
577,Shaffi Mather,"Social entrepreneur, lawyer"
578,Steven  Cowley,Physicist 
579,Asher Hasan,Social entrepreneur
580,Michael Sandel,Political philosopher
581,Cat Laine,Social entrepreneur
582,Bertrand Piccard,Solar adventurer
583,Vilayanur Ramachandran,Brain expert
584,Nick Veasey,X-ray visionary
585,Dan Buettner,"Longevity coach, explorer"
586,Romulus Whitaker,Herpetologist
587,Herbie Hancock,Jazz legend
588,Randy Pausch,Professor
589,Robert Sapolsky,"Neuroscientist, primatologist, writer"
590,Matt Weinstein,Motivational speaker
591,Kartick Satyanarayan,Wildlife conservationist 
592,Kiran Sethi,Educator
593,Lalitesh Katragadda,Engineer
594,Edwidge Danticat,Author
595,Charles Fleischer,"Comedian, voice artist"
596,David Blaine,"Illusionist, endurance artist"
597,Ravin Agrawal,Investor 
598,Anthony Atala,Surgeon
599,Sivamani,Percussionist
600,Richard Dawkins,Evolutionary biologist
601,Taylor Mali,Slam poet
602,Bill Davenhall,Health and human services expert
603,Joshua Prince-Ramus,Architect
604,Eve Ensler,"Playwright, activist"
605,Jane Chen,Social entrepreneur
606,Derek Sivers,Entrepreneur
607,JK Rowling,Author
608,Sendhil Mullainathan,Behavioral economist
609,Jamie Heywood,Healthcare revolutionary
610,George Whitesides,Chemist
611,David Agus,Cancer Doctor
612,"Tom Shannon, John Hockenberry",Sculptor
613,Peter Eigen,"Founder, Transparency International"
614,Jamie Oliver,"Chef, activist"
615,Blaise Agüera y Arcas,Software architect
616,David Cameron,Politician
617,Aimee Mullins,Athlete and actor
618,Bill Gates,Philanthropist
619,Kevin Kelly,Digital visionary
620,Philip K. Howard,Legal activist
621,Eric Topol,Cardiologist and geneticist 
622,Temple Grandin,"Livestock handling designer, autism activist"
623,Pawan Sinha,Visual neuroscientist
624,Raghava KK,Artist
625,Bobby McFerrin,Musician
626,Daniel Kahneman,Behavioral economics founder
627,Harsha Bhogle,Cricket commentator
628,Gary Flake,Technologist
629,Richard Feynman,Physicist
630,James Cameron,Director
631,The LXD,Dance adventurers
632,Srikumar Rao,Happiness teacher
633,Tim Berners-Lee,Inventor
634,Gary Lauder's new traffic sign,Venture capitalist
635,Dan Barber,Chef
636,Eric Mead,Magician
637,Gary Vaynerchuk,Entrepreneur
638,Mark Roth,"Biochemist, cell biologist"
639,Eric Dishman,Social scientist
640,Douglas Adams,"Author, satirist"
641,Jane McGonigal,Game Designer
642,Ken Kamler,Adventure physician 
643,Shekhar Kapur,Director and writer
644,Sam Harris,"Neuroscientist, philosopher"
645,Juliana Machado Ferreira,Biologist
646,Alan Siegel,"Executive, simplicity guru"
647,Joel Levine,Planetary and atmospheric scientist
648,Robert Gupta,Violinist
649,Patsy Rodenburg,Acting and voice coach
650,Kevin Bales,Anti-slavery activist
651,Shukla Bose,Education activist
652,Kirk Citron,Media expert 
653,Derek Sivers,Entrepreneur
654,Adora Svitak,Child prodigy
655,Jesse Schell,Game designer
656,Elizabeth Pisani,Author
657,Dean Kamen,Inventor
658,Dennis Hong,Roboticist 
659,Jonathan Drori,Educator
660,Natalie Merchant,Singer/songwriter
661,Michael Specter,Writer
662,Jonathan Klein,Executive
663,Catherine Mohr,Roboticist
664,Thelma Golden,Curator
665,Eric Whitacre,"Composer, conductor"
666,Edith Widder,Marine biologist
667,James Randi,Skeptic and conjuror
668,Frederick Balagadde,Inventor
669,Tom Wujec,Designer
670,Omar Ahmad,"Technologist, city councilman"
671,Kavita Ramdas,Philanthropist
672,Stephen Wolfram,"Scientist, inventor"
673,Roz Savage,Ocean rower
674,George Whitesides,Chemist
675,Sebastian Wernicke,Data scientist
676,Esther Duflo,Development economist
677,Simon Sinek,Leadership expert
678,Jeremy Jackson,Marine ecologist
679,Anil Gupta,Innovation advocate
680,Thomas Dolby,Electronic music pioneer
681,Nicholas Christakis,"Physician, social scientist"
682,Nathan Myhrvold,Polymath
683,Enric Sala,Marine ecologist
684,Dan Meyer,Educator
685,Julia Sweeney,"Actor, comedian, playwright"
686,Viktor Frankl,"Psychiatrist, neurologist, author"
687,William Li,Cancer researcher
688,Graham Hill,Journalist
689,Dee Boersma,Conservation biologist
690,Richard Sears,Geophysicist
691,Craig Venter,"Biologist, genetics pioneer"
692,Ken Robinson,Author/educator
693,Johanna Blakley,Media maven
694,Sharmeen Obaid-Chinoy,Filmmaker
695,Seth Berkley,Vaccine visionary
696,Sophie Hunger,Singer
697,Lawrence Lessig,Legal activist
698,John Underkoffler,Interface designer
699,Brian Skerry,Photographer
700,"Christopher ""moot"" Poole""","Founder, 4chan"
701,Brian Cox,Physicist 
702,Adam Sadowsky,Creative entrepreneur 
703,Michael Sandel,Political philosopher
704,John Kasaona,Conservationist
705,Rory Sutherland,Advertising guru
706,Stewart Brand + Mark Z. Jacobson,"Environmentalist, futurist"
707,David Byrne,"Musician, artist, writer"
708,Michael Shermer,Skeptic
709,Margaret Gould Stewart,User experience master
710,Peter Tyack,Behavioral ecologist
711,Cameron Herold,Entrepreneur
712,Ananda Shankar Jayant,Dancer and choreographer
713,Chip Conley,"CEO, author"
714,Marian Bantjes,"Designer, illustrator, typographer"
715,Charles Leadbeater,Innovation consultant
716,Aditi Shankardass,Neuroscientist 
717,Hillel Cooperman,"Entrepreneur, Lego enthusiast"
718,Clay Shirky,Social Media Theorist
719,Ellen Dunham-Jones,Architect
720,Stephen Palumbi,Marine biologist
721,Carter Emmart,"Scientist, Artist "
722,Mitchell Joachim,"Architect, designer"
723,Benoit Mandelbrot,Mathematician
724,Ellen  Gustafson,Social entrepreneur
725,Nalini Nadkarni,Tree researcher
726,Hans Rosling,Global health expert; data visionary
727,Carl Safina,"Ecologist, writer"
728,Matt Ridley,Rational optimist
729,Ethan Zuckerman,"Blogger, digital visionary"
730,Elif Shafak,Novelist
731,Julian Assange,Whistleblower
732,Naif Al-Mutawa,"Creator, The 99"
733,Dimitar Sasselov,Astronomer
734,Tan Le,Entrepreneur
735,Kevin Stone,"Surgeon, inventor"
736,Sheena Iyengar,Psycho-economist
737,Susan Shaw,Marine toxicologist
738,Jeff Bezos,Online commerce pioneer
739,John Delaney,Oceanographer
740,Laurie Santos,Cognitive psychologist
741,Lewis Pugh,Coldwater swimmer
742,Jason Clay,Market transformer
743,Sheryl WuDunn,"Author, journalist"
744,Diane J. Savino,Senator
745,Peter Molyneux,Game changer
746,Jamil Abu-Wardeh,Producer
747,Maz Jobrani,Comedian
748,Seth Priebatsch,Entrepreneur
749,David McCandless,Data journalist
750,Lee Hotz,Journalist
751,Jeremy Rifkin,"Writer, thinker"
752,Jim Toomey,Cartoonist
753,Lisa Margonelli,Writer
754,Dan Cobley,Online marketing whiz
755,Nic Marks,Happiness researcher
756,Johan Rockstrom,Sustainability expert
757,His Holiness the Karmapa,Spiritual leader
758,Derek Sivers,Entrepreneur
759,Rachel Sussman,"Artist, photographer"
760,Sugata Mitra,Education researcher
761,Alwar Balasubramaniam,Artist
762,Carne Ross,Diplomat
763,Ben Cameron,Arts administrator
764,Seth Godin,Marketer and author
765,Rob Dunbar,"Oceanographer, biogeochemist"
766,Chris Anderson,TED Curator
767,Jessa Gamble,Writer
768,Nicholas Christakis,"Physician, social scientist"
769,Caroline Phillips,Musician
770,Christien Meindertsma,Artist
771,Steven Johnson,Writer
772,Mitchell Besser,HIV/AIDS fighter
773,Annie Lennox,"Activist, singer-songwriter"
774,Fabian Hemmert,Designer
775,Julian Treasure,Sound consultant
776,Tim Birkhead,Ornithologist
777,Gary Wolf,Journalist
778,Sebastian Seung,Computational neuroscientist
779,Inge Missmahl,Analytical psychologist
780,Mechai Viravaidya,Public health expert
781,Eben Bayer,Green designer
782,Tim Jackson,Economist
783,Barbara Block,Marine biologist
784,Hans Rosling,Global health expert; data visionary
785,Stacey Kramer,Brand strategist
786,Stefano Mancuso,Plant neurobiologist
787,Melinda Gates,Philanthropist
788,Peter Haas,Building activist
789,Natalie Jeremijenko,Artist and engineer
790,Ze Frank,"Humorist, web artist"
791,Joel Burns,City councilman
792,Jessica Jackley,Microlender
793,Heribert Watzke,Food scientist
794,Dianna Cohen,Artist and activist
795,Patrick Chappatte,Editorial cartoonist
796,"David Byrne, Ethel + Thomas Dolby",Electronic music pioneer
797,R.A. Mashelkar,"Scientist, innovator"
798,Joseph Nye,Diplomat
799,Barton Seaver,Chef
800,Shimon Steinberg,Entomologist
801,Miwa Matreyek,Multimedia artist
802,Tom Chatfield,Gaming theorist
803,David Bismark,Voting system designer
804,Greg Stone,Oceanographer
805,Gero Miesenboeck,Optogeneticist
806,Andrew Bird,Musician
807,Emily Pilloton,Humanitarian design activist
808,Stefan Wolff,Ethnic conflicts scholar
809,Aaron Huey,Photographer
810,Auret van Heerden,Labor-rights activist
811,Eric Berlow,Ecologist
812,Conrad Wolfram,Mathematician
813,Denis Dutton,Philosopher
814,Shimon Schocken,"Computer Scientist, Educator"
815,John Hardy,"Designer, educator"
816,Kristina Gjerde,High seas policy advisor
817,Kim Gorgens,Neuropsychologist
818,Zainab Salbi,Activist and social entrepreneur
819,Jason Fried,Software entrepreneur
820,Dan Phillips,Builder
821,Birke Baehr,Aspiring organic farmer
822,William Ury,Mediator
823,Marcel Dicke,Ecological entomologist
824,Bart Weetjens,Product developer
825,Arthur Potts Dawson,Green chef
826,Halla Tómasdóttir,Change catalyst
827,Tony Porter,"Author, educator, activist"
828,Kiran Bedi,Corrections pioneer
829,Hanna Rosin,Journalist
830,Diana Laufenberg,Educator
831,Rufus Griscom + Alisa Volkman,Website co-founders
832,Rachel Botsman,Trust researcher
833,Ken Robinson,Author/educator
834,Beverly + Dereck Joubert,"Conservationists, filmmakers"
835,Sheryl Sandberg,"COO, Facebook"
836,Majora Carter,Activist for environmental justice
837,Brené Brown,Vulnerability researcher
838,Barry Schwartz,Psychologist
839,Arianna Huffington,Journalist
840,Lesley Hazleton,"Writer, psychologist"
841,Charles Limb,Researcher
842,Deborah Rhodes,"Physician, cancer researcher"
843,Neil Pasricha,"Director, The Institute for Global Happiness"
844,Jody Williams,Nobel peace laureate
845,Amber Case,Cyborg Anthropologist 
846,Thomas Thwaites,Designer
847,Elizabeth Lesser,Wellness specialist
848,Ali Carr-Chellman,Instructional designer
849,Naomi Klein,"Author, Activist "
850,Charity Tillemann-Dick,Soprano
851,Van Jones,Social justice and green energy activist
852,Anders Ynnerman,Scientific visualization expert
853,Heather Knight,Roboticist 
854,Martin Jacques,"Writer, columnist"
855,Thomas Goetz,Healthcare communicator
856,Liza Donnelly,Cartoonist 
857,Ariel Garten,"Artist, scientist and entrepreneur"
858,Bruce Feiler,Writer
859,Kate Orff,Landscape architect
860,Dale Dougherty,Tech publisher
861,Johanna Blakley,Media maven
862,Christopher McDougall,"Journalist, runner"
863,Suheir Hammad,"Poet, playwright"
864,Nigel Marsh,Author and marketer
865,Cynthia Breazeal,Roboticist 
866,Hawa Abdi + Deqo Mohamed,Somali doctors who treat women refugees
867,Michael Pawlyn,Architect
868,Geert Chatrou,Whistler
869,Krista Tippett,Journalist
870,Patricia Kuhl,Language 
871,Jacqueline Novogratz,Investor and advocate for moral leadership
872,Lisa Gansky,Entrepreneur
873,Madeleine Albright,Former US Secretary of State
874,Noreena Hertz,Economist
875,Iain Hutchison,Facial surgeon
876,Elizabeth Lindsey,"Explorer, ethnographer"
877,Danny Hillis,Computer theorist
878,Ahn Trio,Piano trio
879,Wadah Khanfar,Journalist
880,JR,Street artist
881,Wael Ghonim,Internet activist and computer engineer
882,Bill Gates,Philanthropist
883,Anthony Atala,Surgeon
884,Courtney E. Martin,Journalist
885,Sal Khan,Educator and social entrepreneur
886,Deb Roy,Cognitive scientist
887,Rob Harmon,Natural resources expert
888,David Brooks,Op-ed columnist 
889,Janna Levin,Physicist
890,Mark Bezos,"Activist, volunteer firefighter"
891,Rogier van der Heide,Lighting designer
892,Sarah Kay,Poet
893,Hans Rosling,Global health expert; data visionary
894,Isabel Behncke,Primatologist
895,Paul Root Wolpe,Ethicist
896,Eythor Bender,Berkeley Bionics' CEO
897,Claron McFadden,Soprano
898,Patricia Ryan ,Language teacher
899,Ralph Langner,Security consultant
900,Handspring Puppet Co.,Puppeteers
901,Sebastian Thrun,Engineer
902,Eric Whitacre,"Composer, conductor"
903,AnnMarie Thomas,Educator
904,Stanley McChrystal,Military leader
905,Chade-Meng Tan,Google Fellow
906,Morgan Spurlock,Filmmaker
907,Mick Ebeling,Entrepreneur
908,Caroline Casey,Inclusivity activist
909,Jackson Browne,Musician and activist
910,David Christian,Historian
911,Dave Meslin,Artist and organizer
912,Roger Ebert,Film critic and blogger
913,Marcin Jakubowski,Farmer and technologist
914,Susan Lim,Surgeon
915,Sam Richards,Sociologist
916,Kathryn Schulz,Wrongologist
917,John Hunter,Educator
918,Anil Ananthaswamy,Science writer
919,Ric Elias,Entrepreneur
920,Harvey Fineberg,Health policy expert
921,Bruce Schneier,Security expert
922,Angela Belcher,Biological engineer
923,Mike Matas,Software engineer
924,Arvind Gupta,Toymaker
925,Eli Pariser,Organizer and author
926,Aicha el-Wafi + Phyllis Rodriguez,9/11 mothers
927,Carlo Ratti,Architect and engineer
928,Suzanne Lee,Designer
929,Sean Carroll,"Physicist, cosmologist"
930,Louie Schwartzberg,Filmmaker
931,Paul Nicklen,Polar photographer
932,Fiorenzo Omenetto,Biomedical engineer
933,Ron Gutman,Entrepreneur
934,Amit Sood,Technologist
935,Leonard Susskind,Physicist
936,Ed Boyden,Neuroengineer
937,Thomas Heatherwick,Designer
938,Elliot Krane,Pediatric anesthesiologist
939,Edith Widder,Marine biologist
940,Terry Moore,Thinker
941,Improv Everywhere,Pranksters
942,Aaron Koblin,Data artist
943,Bruce Aylward,Epidemiologist
944,Shirin Neshat,Iranian visual artist
945,Mustafa Akyol,Journalist
946,Robert Gupta + Joshua Roman,Violinist
947,Malcolm McLaren,Provocateur
948,Dennis Hong,Roboticist 
949,Stefan Sagmeister,Graphic designer
950,Aaron O'Connell,Physicist
951,Jessi Arrington,Designer
952,Damon Horowitz,"Philosopher, entrepreneur"
953,Jack Horner,Dinosaur digger
954,Janet Echelman,Artist
955,Paul Romer,"Chief Economist and Senior Vice President, World Bank"
956,Alice Dreger,Historian
957,JD Schramm,Communicator
958,Daniel Kraft,Physician scientist
959,Shea Hembrey,Artist and curator
960,Steve Keil,Entrepreneur
961,Camille Seaman,Photographer
962,Onyx Ashanti,Beatjazz inventor and controllerist
963,Maya Beiser,Cellist
964,Bill Ford,"Executive chair, Ford Motor Co."
965,Daniel Tammet,"Linguist, educator"
966,Jok Church,Cartoonist
967,Honor Harger,Artist
968,Joshua Walters,"Comedian, activist"
969,Emiliano Salinas,Community activist
970,Rajesh Rao,Computational neuroscientist
971,Dave deBronkart,e-Patient
972,Robert Hammond,Friend of the High Line
973,Matt Cutts,Technologist
974,Nathan Myhrvold,Polymath
975,Jonathan Drori,Educator
976,Simon Lewis,"Author, producer"
977,Nina Tandon,Tissue engineering researcher
978,Rebecca MacKinnon,Internet freedom activist
979,Maajid Nawaz,Anti-extremism activist
980,Tim Harford,"Economist, journalist and broadcaster"
981,Nadia Al-Sakkaf,Journalist
982,Mikko Hypponen,Cybersecurity expert
983,Thandie Newton,Actor
984,Kevin Slavin,Algoworld expert
985,Markus Fischer,Designer
986,Rory Stewart,Politician
987,Geoffrey West,Theorist
988,Paul Bloom,Psychologist
989,Josette Sheeran,Anti-hunger leader
990,Julian Treasure,Sound consultant
991,Adam Ostrow,Journalist
992,Harald Haas,Communications technology innovator
993,Mark Pagel,Evolutionary biologist
994,Jessica Green,Engineer and biodiversity scientist
995,Philip Zimbardo,Psychologist
996,Eve Ensler,"Playwright, activist"
997,Alex Steffen,Planetary futurist
998,Dyan deNapoli,Penguin expert
999,Jeremy Gilley,Peace activist
1000,Lucianne Walkowicz,Stellar astronomer
1001,Marco Tempest,Techno-illusionist
1002,Dan Ariely,Behavioral economist
1003,Svante Pääbo,Geneticist
1004,Julia Bacha,Filmmaker
1005,Skylar Tibbits,Inventor
1006,Joan Halifax,"Author, Zen priest"
1007,Edward Tenner,Historian of technology and culture
1008,Sarah Kaminsky,Actor and writer
1009,Lee Cronin,Chemist
1010,Raghava KK,Artist
1011,Yasheng Huang,Political economist
1012,Misha Glenny,Underworld investigator
1013,Kate Hartman,Artist and technologist
1014,Richard Resnick,Entrepreneur
1015,Lauren Zalaznick,Media executive
1016,Sasha Dichter,Nonprofit VC
1017,Niall Ferguson,Historian
1018,Jean-Baptiste Michel + Erez Lieberman Aiden,Data researcher
1019,Amy Lockwood,Global development worker
1020,Elizabeth Murchison,Cancer researcher
1021,Sunni Brown,Visualizer and gamestorming
1022,Abraham Verghese,Physician and author
1023,Geoff Mulgan,Social commentator
1024,Jarreth Merz,Filmmaker
1025,Ben Goldacre,Debunker
1026,Danielle de Niese,Soprano
1027,Yang Lan,"Media mogul, TV host"
1028,Christoph Adami,Artificial life researcher
1029,Graham Hill,Journalist
1030,Steve Jobs,Visionary
1031,Mike Biddle,Plastics recycler
1032,Charles Hazlewood,Conductor
1033,Alison Gopnik,Child development psychologist
1034,Richard Seymour,Designer
1035,Ian Ritchie,Software entrepreneur
1036,Pamela Meyer,Lie detector
1037,Jae Rhim Lee,Artist
1038,Bunker Roy,Educator
1039,Justin Hall-Tipping,Science entrepreneur
1040,Guy-Philippe Goldstein,Author
1041,Todd Kuiken,Biomedical engineer
1042,Nathalie Miebach,Artist
1043,Richard Wilkinson,Public health researcher
1044,Iain McGilchrist,Psychiatrist and writer
1045,Malcolm Gladwell,Writer
1046,Jay Bradner,Research scientist
1047,Béatrice Coron,Papercutter artist
1048,Hasan Elahi,Privacy artist
1049,Paul Zak,Neuroeconomist
1050,Anna Mracek Dietrich,Inventor
1051,Daniel Wolpert,Movement expert
1052,Marco Tempest,Techno-illusionist
1053,Paul Lewis,Journalist
1054,Sandra Fisher-Martins,"Translator, plain language activist"
1055,Martin Hanczyc,Chemist
1056,Aparna Rao,Artist
1057,Ben Kacyra,Digital preservationist
1058,Allan Jones,Brain scientist
1059,Charlie Todd,Comedian
1060,Roger McNamee,Tech investor
1061,Michael Nielsen,Physicist
1062,Alexander Tsiaras,Medical image maker
1063,Yves Rossy,Jetman
1064,Thomas Suarez,"Developer, 12 year old"
1065,Cynthia Kenyon,"Biochemist, geneticist"
1066,Robin Ince,Comedian
1067,Gabe Zichermann,"Entrepreneur, author"
1068,Natalie Warne,Activist
1069,Phil Plait,Astronomer
1070,Péter Fankhauser,Roboticist
1071,Joe Sabia,Storyteller
1072,Britta Riley,"Artist, urban farmer"
1073,Amy Purdy,Pro snowboarder
1074,Damon Horowitz,"Philosopher, entrepreneur"
1075,Annie Murphy Paul,Science author
1076,John Bohannon,Science writer
1077,Charles Limb,Researcher
1078,Kathryn Schulz,Wrongologist
1079,Leslie Dodson,Reporter
1080,Sarah Kay,Poet
1081,Srdja Popovic,Organizer
1082,Luis von Ahn,Computer scientist
1083,Cheryl Hayashi,Spider silk scientist
1084,Yoav Medan,Medical inventor
1085,Stefon Harris,Jazz vibraphonist
1086,Klaus Stadlmann,Engineer
1087,David Damberger,"Engineer, Social Entrepreneur"
1088,Monika Bulaj,Photographer
1089,Quyen Nguyen,Surgeon
1090,Pavan Sukhdev,Environmental economist
1091,Homaro Cantu + Ben Roche,Chef
1092,Ramona Pierson,Education innovator
1093,Roger Doiron,Gardening activist
1094,Thomas Pogge,Philosopher
1095,Antonio Damasio,Neuroscientist
1096,Sheila Nirenberg,Neuroscientist
1097,Daniel Goldstein,Behavioral economist
1098,Karen Tse,Anti-torture activist
1099,Alberto Cairo,Physiotherapist
1100,AJ Jacobs,Author
1101,Jane Fonda,Actor and activist
1102,Paddy Ashdown,Diplomat
1103,Sebastian Wernicke,Data scientist
1104,Nate Garvis,Civic thought leader
1105,Michelle Borkin,physicist
1106,Tyler Cowen,Economist
1107,"Lauren Hodge, Shree Bose + Naomi Shah",Science fair winner
1108,Jonas Gahr Støre,Foreign Minister of Norway
1109,Drew Berry,Biomedical animator
1110,Morley,Singer-songwriter
1111,Kirk Sorensen,"Engineer, nuclear technologist"
1112,Charles Hazlewood + British Paraorchestra,Contemporary music ensemble
1113,Sonaar Luthra,
1114,Alain de Botton,Philosopher
1115,Mikko Hypponen,Cybersecurity expert
1116,Clay Shirky,Social Media Theorist
1117,Sheena Iyengar,Psycho-economist
1118,Scott Rickard,Mathematician
1119,Bilal Bomani,NASA scientist
1120,Julian Baggini,Philosopher
1121,Lisa Harouni,3D printing entrepreneur
1122,Diana Nyad,"Journalist, swimmer"
1123,Brian Goldman,"Physician, broadcaster"
1124,Gayle Tzemach Lemmon,Reporter
1125,Bjarke Ingels,Architect
1126,Mick Mountz,"CEO, Kiva Systems"
1127,Peter van Uhm,General
1128,Bill Doyle,Engineer
1129,Shawn Achor,Psychologist
1130,Erica Frenkel,Medical technologist
1131,Danny Hillis,Computer theorist
1132,Mike deGruy,Filmmaker
1133,Aleph Molinari,"Economist, techno-activist"
1134,Nancy Duarte,"CEO, presentation designer"
1135,Neil Burgess,Neuroscientist
1136,Stephen Coleman,Ethicist
1137,Sheikha Al Mayassa,"Founder, Doha Film Institute"
1138,Jack Horner,Dinosaur digger
1139,Erik Johansson,Photographer and retoucher
1140,Drew Dudley,Leadership educator
1141,Keith Nolan,Teacher
1142,Tyrone Hayes + Penelope Jagessar Chaffer,Biologist
1143,Jenna McCarthy,Writer
1144,Inara George,Singer and songwriter
1145,Lucien Engelen,Healthcare innovator
1146,Simon Berrow,Marine biologist
1147,Paul Conneally,Aid worker
1148,Garth Lenz,Photographer
1149,Lucianne Walkowicz,Stellar astronomer
1150,Neil MacGregor,Director of The British Museum
1151,Chris Bliss,Writer
1152,Shilo Shiv Suleman,Artist
1153,Shlomo Benartzi,Economist
1154,Tan Le,Entrepreneur
1155,Avi Rubin,Computer security expert
1156,Jeffrey Kluger,"Senior Editor, TIME Magazine"
1157,Kevin Allocca,YouTube trends manager
1158,Paul Snelgrove,Marine biologist
1159,Daniel Pauly,Fisheries biologist
1160,Peter Diamandis,Space activist
1161,Paul Gilding,Writer
1162,Vijay Kumar,Roboticist
1163,Susan Cain,Quiet revolutionary
1164,Bryan Stevenson,Public-interest lawyer
1165,Andrew Stanton,Filmmaker
1166,James Hansen,Climatologist
1167,Jennifer Pahlka,Code activist
1168,Improv Everywhere,Social energy entrepreneur
1169,Kelli Anderson,"Artist, designer"
1170,Larry Smith,"Professor of Economics, University of Waterloo"
1171,Greg Gage,Neuroscientist
1172,Chris Anderson (TED),TED Curator
1173,David Gallo,Oceanographer
1174,Adam Savage,"Maker, critical thinker"
1175,Jonathan Haidt,Social psychologist
1176,Jonathan Haidt,Social psychologist
1177,Rob Reid,"Author, entrepreneur"
1178,Rob Reid,"Author, entrepreneur"
1179,Brené Brown,Vulnerability researcher
1180,Brené Brown,Vulnerability researcher
1181,Scott Summit,Industrial Designer
1182,Mark Raymond,Architect
1183,T. Boone Pickens,Entrepreneur and energy theorist
1184,Noel Bairey Merz,Physician
1185,Taylor Wilson,Nuclear scientist
1186,Billy Collins,Poet
1187,Jer Thorp,Data artist
1188,Peter Saul,"Doctor, intensive care specialist"
1189,Donald Sadoway,Materials engineer
1190,Regina Dugan,Former director of DARPA
1191,Leymah Gbowee,"Peace activist, Nobelist"
1192,Ayah Bdeir,Engineer and artist
1193,Marco Tempest,Techno-illusionist
1194,Daniel Schnitzer,"Founder and Executive Director, Earthspark International"
1195,Rick Falkvinge,
1196,Tierney Thys +  Plankton Chronicles Project,Marine biologist
1197,Sherry Turkle,Cultural analyst
1198,Chip Kidd,Graphic designer
1199,Jack Choi,Technologist
1200,Lucy McRae,Body architect 
1201,Carvens Lissaint,Performance artist
1202,Jonathan Foley,Professor
1203,Frank Warren,Secret keeper
1204,Frans de Waal,Primatologist
1205,Melinda Gates,Philanthropist
1206,Tal Golesworthy,Engineer and artist
1207,Abigail Washburn,Clawhammer banjo player
1208,Atul Gawande,"Surgeon, journalist"
1209,Drew Curtis,Web entrepreneur
1210,Taryn Simon,Photographer
1211,Laura Carstensen,Psychologist
1212,Christina Warinner,Archaeological geneticist
1213,Brian Greene,Physicist
1214,Michael Norton,Social science researcher
1215,Jon Bergmann,Educator
1216,Eduardo Paes,Mayor of Rio de Janeiro
1217,Nancy Lublin,Activist
1218,Joe Smith,Lawyer
1219,Brenda Romero,Game designer
1220,Liz Diller,Designer
1221,Amory Lovins,"Physicist, energy guru"
1222,Reuben Margolin,Kinetic sculptor
1223,Gary Kovacs,
1224,Rory Sutherland,Advertising guru
1225,Tavi Gevinson,Blogger and fashion icon
1226,Rick Guidotti,Photographer
1227,Michael Tilson Thomas,"Musician, Conductor"
1228,JP Rangaswami,Technologist
1229,Karen Bass,Natural history filmmaker 
1230,Joshua Foer,Writer
1231,Renny Gleeson,Skeptimist
1232,José Bowen,Professor of music
1233,Bart Knols,Malariologist
1234,Tali Sharot,Cognitive neuroscientist
1235,Jean-Baptiste Michel,Data researcher
1236,David Kelley,"Designer, educator"
1237,Carl Schoonover,Neuroscience PhD student + writer
1238,JR,Street artist
1239,Michael McDaniel,Graphic designer
1240,Melissa Garren,Marine biologist
1241,Nathan Wolfe,Virus hunter
1242,Hans Rosling,Global health expert; data visionary
1243,Philippe Petit,High-wire artist
1244,Shereen El-Feki,Arab sexuality expert
1245,Reggie Watts,"Vocalist, beatboxer, comedian"
1246,David MacKay,Professor
1247,Ken Goldberg,Roboticist
1248,William Noel,"Curator, rare book scholar"
1249,Dalia Mogahed,Muslim studies scholar
1250,Sebastian Deterding,Designer
1251,Quixotic Fusion,Performance ensemble
1252,Seth Shostak,Astronomer
1253,David Birch,Digital money and identity consultant
1254,Juan Enriquez,Futurist
1255,Diane Kelly,Biologist
1256,Terry Moore,Thinker
1257,Damian Palin,Biological miner
1258,John Hodgman,Expert
1259,Ami Klin,Autism researcher
1260,John Hockenberry,Journalist
1261,Rebecca Onie,Health services innovator
1262,Beeban Kidron,Film director
1263,Sarah Parcak,Satellite archaeologist + TED Prize winner
1264,LZ Granderson,Journalist
1265,Rodney Mullen,Skater
1266,Megan Kamerick,Reporter
1267,David R. Dow,Death penalty lawyer
1268,Ivan Oransky,Health reporter
1269,Marco Tempest,Techno-illusionist
1270,Peter Norvig,Computer scientist
1271,Wolfgang Kessling,Physicist
1272,Jon Nguyen,Engineer
1273,Nirmalya Kumar,Professor
1274,E.O. Wilson,Biologist
1275,Rives,"Performance poet, multimedia artist"
1276,Massimo Banzi,Physical Computing Guru
1277,Don Tapscott,Digital strategist
1278,Elyn Saks,Mental health law scholar
1279,Boaz Almog,Quantum Researcher
1280,Alanna Shaikh,Global health and development specialist
1281,Raghava KK,Artist
1282,Cesar Harada,"Inventor, environmentalist, educator"
1283,Usman Riaz + Preston Reed,Revolutionary Guitarist
1284,Jane McGonigal,Game Designer
1285,Jonathan Eisen,Biologist
1286,Chris Gerdes,Mechanical engineer
1287,Marc Goodman,Global Security Futurist
1288,Jared Ficklin,Visualizer
1289,Todd Humphreys,Assistant Professor
1290,Gabriel Barcia-Colombo,Video sculptor
1291,Mina Bissell,Cancer Researcher
1292,Jamie Drummond,Anti-poverty activist
1293,Baba Shiv,Neuroeconomist
1294,Matt Mills,Technologist
1295,Neil Harbisson,Sonochromatic Cyborg Artist
1296,John Graham-Cumming,Computer programmer
1297,Vinay Venkatraman,Designer
1298,James Stavridis,Navy Admiral
1299,Malte Spitz,"Politician, data activist"
1300,Tracy Chevalier,Author
1301,Ramesh Raskar,Femto-photographer
1302,Michael Hansmeyer,Computational architect
1303,Noah Wilson-Rich,Beekeeper
1304,Giles Duley,Photojournalist
1305,Michael Anti,Blogger
1306,Stephen Ritz,Teacher
1307,Daphne Koller,Educator
1308,Becci Manson,Photo Retoucher
1309,Mark Applebaum,Composer
1310,Hannah Fry,Complexity theorist
1311,Scilla Elworthy,Peace builder
1312,Margaret Heffernan,Management thinker
1313,Max Little,Applied mathematician
1314,Pam Warhurst,"Cofounder, Incredible Edible"
1315,Kirby Ferguson,Filmmaker and Remixer
1316,Lisa Kristine,Photographer
1317,Mark Forsyth,Writer
1318,Ivan Krastev,Public intellectual
1319,Caitria + Morgan O'Neill,Disaster relief expert
1320,Jon Ronson,Writer and filmmaker
1321,Timothy Prestero,Designer
1322,Rob Legato,Visual Effects Guru
1323,Robert Neuwirth,Author
1324,Shyam Sankar,Data Intelligence Agent
1325,Antony Gormley,Sculptor
1326,Jonathan Trent,Scientist and biofuel guru
1327,Kent Larson,Architect
1328,Scott Fraser,"Forensic psychologist, expert witness"
1329,Vikram Patel,Mental health care advocate
1330,Leslie T. Chang,Journalist
1331,Susan Solomon,Stem cell research advocate
1332,Wayne McGregor,Dancer and Choreographer
1333,Beth Noveck,Open-government expert
1334,Tristram Stuart,Author and Activist
1335,Sarah-Jayne Blakemore,Cognitive Neuroscientist
1336,Julian Treasure,Sound consultant
1337,Andrew Blum,Network author
1338,Bandi Mbubi,Social Justice Activist
1339,Ed Gavagan,"Designer, Storyteller"
1340,Rachel Botsman,Trust researcher
1341,Andrew McAfee,Management theorist
1342,Read Montague,Behavioral Neuroscientist
1343,Clay Shirky,Social Media Theorist
1344,John Lloyd,Producer
1345,Ben Goldacre,Debunker
1346,Bahia Shehab,Artist and historian
1347,Aris Venetikidis,Mapmaker
1348,Vicki Arroyo,Environmental policy influencer
1349,Amy Cuddy,Social psychologist
1350,Robert Gupta,Violinist
1351,Jason McCue,Lawyer
1352,Shimon Schocken,"Computer Scientist, Educator"
1353,Thomas P. Campbell,Museum director
1354,Tim Leberecht,Business romantic
1355,John Maeda,Artist
1356,Ruby Wax,Comedian and Mental Health Activist
1357,Melissa Marshall,Communications teacher
1358,Maurizio Seracini,Art diagnostician
1359,Eddie Obeng,Business Educator
1360,John Wilbanks,Data Commons Advocate
1361,Beau Lotto + Amy O'Toole,"Neuroscientist, Artist"
1362,Heather Brooke,Journalist
1363,Ryan Merkley,"COO, Mozilla Foundation"
1364,Pankaj Ghemawat,Globalization researcher
1365,David Pizarro,"Psychologist, Disgust researcher"
1366,Lemn Sissay,Poet and playwright
1367,Doris Kim Sung,Architect
1368,Marco Tempest,Techno-illusionist
1369,Rory Stewart,Politician
1370,Sanjay Pradhan,Development Leader
1371,Emma Teeling,Zoologist
1372,Adam Garone,Moustache activist
1373,Faith Jegede Cole,Writer
1374,Matt Killingsworth,Happiness researcher
1375,Jake Wood,"CEO, Team Rubicon"
1376,Gary Greenberg,Micro photographer
1377,Georgette Mulheir,"CEO, Lumos"
1378,Jeff Hancock,Psychologist
1379,Julie Burstein,Writer and radio producer
1380,Arunachalam Muruganantham,Inventor
1381,Hannah Brencher,Letter enthusiast
1382,Leah Buechley,Designer
1383,David Binder,Theater producer
1384,Daphne Bavelier,Cognitive researcher
1385,Amos Winter,Mechanical engineer
1386,Sleepy Man Banjo Boys,Bluegrass musicians
1387,Louie Schwartzberg,Filmmaker
1388,Candy Chang,"Artist, designer, urban planner"
1389,Ernesto Sirolli,Sustainable development expert
1390,Jonas Eliasson,Transportation specialist
1391,Janine Shepherd,Pilot
1392,Munir Virani,"Raptor biologist, wildlife photographer"
1393,Paolo Cardini,Designer
1394,Bobby Ghosh,Editor
1395,Ludwick Marishane,Entrepreneur
1396,Jeff Smith,Recovering politician
1397,Nina Tandon,Tissue engineering researcher
1398,Lemon Andersen,Poet and actor
1399,Ellen 't Hoen,Medicine law expert
1400,Markham Nolan,Journalist
1401,Maz Jobrani,Comedian
1402,Marcus Byrne,Entomologist
1403,Ben Saunders,Arctic explorer
1404,Robin Chase,Transport networker
1405,Molly Crockett,Neuroscientist
1406,Steven Addis,Brand strategist
1407,Adam Davidson,Journalist
1408,Ronny Edry,Graphic Designer
1409,Karen Thompson Walker,Novelist
1410,Hadyn Parry,Biotechnology entrepreneur
1411,Don Levy,Film executive
1412,Jonathan Haidt,Social psychologist
1413,Sue Austin,Performance artist
1414,Jarrett J. Krosoczka,Author/illustrator
1415,Boghuma Kabisen Titanji,Clinical researcher
1416,Andy Puddicombe,Mindfulness expert
1417,Angela Patton,Activist
1418,Ellen Jorgensen,"Biologist, community science advocate"
1419,Cameron Russell,Model
1420,Richard Weller,Dermatologist
1421,Colin Stokes,Proud dad
1422,Janine di Giovanni,Reporter
1423,Colin Powell,Former U.S. Secretary of State
1424,Steven Schwaitzberg,Surgeon and technologist
1425,Leslie Morgan Steiner,Writer
1426,Wingham Rowan,Policy entrepreneur
1427,Mitch Resnick,Computer scientist
1428,iO Tillett Wright,Photographer
1429,Fahad Al-Attiya,Food security expert
1430,Kid President,Inspirer
1431,Zahra' Langhi,Activist
1432,Tyler DeWitt,Science enthusiast
1433,Cesar Kuriyama,Video maker
1434,Lee Cronin,Chemist
1435,Edi Rama,Politician
1436,Shabana Basij-Rasikh,Educator
1437,Erik Schlangen,Experimental micromechanics pioneer
1438,James B. Glattfelder,Complex systems theorist
1439,Esther Perel,Relationship therapist
1440,Young-ha Kim,Writer
1441,Miguel Nicolelis,Neuroscientist
1442,Keith Chen,Behavioral economist
1443,Afra Raymond,Transparency activist
1444,Andreas Schleicher,Education surveyor
1445,Michael Dickinson,Biologist
1446,Bruce Feiler,Writer
1447,Bruno Maisonnier,Roboticist
1448,Sugata Mitra,Education researcher
1449,Jennifer Granholm,Former governor of Michigan
1450,Amanda Palmer,"Musician, blogger"
1451,Allan Savory,Grassland ecosystem pioneer
1452,Edith Widder,Marine biologist
1453,Ron Finley,Gardener
1454,Kakenya Ntaiya,Educator and activist
1455,Shane Koyczan,Poet
1456,Dan Pallotta,"Author, speaker, reformer"
1457,David Anderson,Neurobiologist
1458,Stewart Brand,"Environmentalist, futurist"
1459,Bono,"Musician, activist"
1460,Catarina Mota,Maker
1461,Danny Hillis,Computer theorist
1462,Elon Musk,Serial entrepreneur
1463,Hyeonseo Lee,Activist
1464,Francis Collins,"Geneticist, physician"
1465,Eric Whitacre,"Composer, conductor"
1466,Jessica Green,Engineer and biodiversity scientist
1467,Mark Shaw,Macroencapsulator
1468,Richard Turere,Inventor
1469,Colin Camerer,Behavioral economist
1470,Katherine Kuchenbecker,Mechanical engineer
1471,Kees Moeliker,Ornithologist
1472,Sanjay Dastoor,Roboticist
1473,Lawrence Lessig,Legal activist
1474,Skylar Tibbits,Inventor
1475,Ken Jennings,Know-it-all
1476,Freeman Hrabowski,Educator
1477,Keller Rinaudo,Robotics entrepreneur
1478,Dan Ariely,Behavioral economist
1479,Eric Dishman,Social scientist
1480,Laura Snyder,Science historian
1481,Rose George,Curious journalist
1482,Thomas Insel,Neuroscientist and psychiatrist
1483,Joshua Prager,Journalist
1484,Andres Lozano,Neurosurgeon
1485,BLACK,Yo-yo champion
1486,John McWhorter,Linguist
1487,Robert Gordon,Economist
1488,Erik Brynjolfsson,Innovation researcher
1489,Michael Stevens,YouTube educator
1490,Jennifer Healey,Research scientist
1491,David Pogue,Technology columnist
1492,Nilofer Merchant,"Corporate director, author"
1493,Taylor Wilson,Nuclear scientist
1494,Sebastião Salgado,Photojournalist
1495,Juan Enriquez,Futurist
1496,Rita Pierson,Educator
1497,Timothy Bartik,Economist
1498,ShaoLan,"Technologist, entrepreneur"
1499,Bill Gates,Philanthropist
1500,Ramsey Musallam,Educator
1501,Pearl Arredondo,Teacher
1502,Malcolm London,"Poet, performer, activist"
1503,Geoffrey Canada,Education reformer
1504,Angela Lee Duckworth,Psychologist
1505,Ken Robinson,Author/educator
1506,Meg Jay,Clinical psychologist
1507,Maria Bezaitis,Computer engineer
1508,Liu Bolin,Artist
1509,Jay Silver,Inventor
1510,Sergey Brin,"Computer scientist, entrepreneur and philanthropist"
1511,Peter Singer,"Philosopher, ethicist"
1512,Phil Hansen,Multimedia artist
1513,Judy MacDonald Johnston,Entrepreneur
1514,Alastair Parvin,Designer
1515,Ji-Hae Park,Violinist
1516,Paola Antonelli,Design curator
1517,Jackson Katz,Anti-sexism educator
1518,Hendrik Poinar,Evolutionary geneticist
1519,Lisa Bu,Passionate reader
1520,Andrew Solomon,Writer
1521,Alex Laskey,Energy software maker
1522,Anas Aremeyaw Anas,Undercover journalist
1523,Denise Herzing,Dolphin researcher
1524,Martin Villeneuve,"Graphic artist, director"
1525,Andrew McAfee,Management theorist
1526,Raffaello D'Andrea,Autonomous systems pioneer
1527,George Papandreou,Former Prime Minister of Greece
1528,Daniel Suarez,Sci-fi author
1529,Manal al-Sharif,Women’s rights activist
1530,Didier Sornette,Risk economist
1531,Juliana Rotich,Tech entrepreneur
1532,Joseph Kim,North Korean refugee
1533,Paul Pholeros,Architect
1534,Camille Seaman,Photographer
1535,Lesley Hazleton,"Writer, psychologist"
1536,Peter Attia,Surgeon
1537,Bob Mankoff,Cartoon editor
1538,Michael Archer,Paleontologist
1539,Rodney Brooks,Roboticist
1540,Eric X. Li,Investor and political scientist
1541,Joel Selanikio,Health and technology activist
1542,Jinha Lee,"Interface designer, engineer"
1543,Sleepy Man Banjo Boys,Bluegrass musicians
1544,Charmian Gooch,Anti-corruption activist
1545,Michael Green,Architect
1546,"Diana Reiss, Peter Gabriel, Neil Gershenfeld and Vint Cerf",Cognitive psychologist
1547,Jack Andraka,Cancer detector inventor
1548,Al Vernacchio,Sexuality educator
1549,Bernie Krause,Natural sounds expert
1550,Gavin Pretor-Pinney,Cloudspotter
1551,Pico Iyer,Global author
1552,Miranda Wang and Jeanny Yao,Science fair winners
1553,Tom Thum,Beatboxer
1554,John Searle,Philosopher
1555,Kate Stone,Shepherd of electrons
1556,Roberto D'Angelo + Francesca Fedeli,Parents
1557,Paul Kemp-Robertson,Advertising expert
1558,Tania Luna,Surprisologist
1559,Bastian Schaefer,Aircraft engineer
1560,Eli Beer,Life saver
1561,Julie Taymor,"Director, designer"
1562,Peter van Manen,Electronic systems expert
1563,Beardyman,Beatboxer and inventor
1564,Daniel H. Cohen,Philosopher
1565,Jinsop Lee,Multi-sense designer
1566,Saki Mafundikwa,Graphic designer
1567,Eleanor Longden,Research psychologist
1568,Derek Paravicini and Adam Ockelford,Musician
1569,Margaret Heffernan,Management thinker
1570,Shigeru Ban,Architect
1571,Russell Foster,Circadian neuroscientist
1572,Steve Ramirez and Xu Liu,Neuroscientist
1573,May El-Khalil,Founder of the Beirut Marathon
1574,Adam Spencer,Science communicator
1575,Kelly McGonigal,Health psychologist
1576,Chrystia Freeland,Plutocracy chronicler
1577,Alexa Meade,Visual artist
1578,George Monbiot,Rewilding campaigner
1579,Jake Barton,Designer and storyteller
1580,Ron McCallum,Labor lawyer and activist
1581,Sonia Shah,Science writer
1582,Apollo Robbins,Gentleman thief
1583,James Lyne,Cybersecurity specialist
1584,Marla Spivak,Bees scholar
1585,Eric Berlow and Sean Gourley,Ecologist
1586,Andras Forgacs,Bioprinting entrepreneur
1587,Benjamin Barber,Political theorist
1588,Elizabeth Loftus,False memories scholar
1589,Stuart Firestein,Neuroscientist
1590,Onora O'Neill,Philosopher
1591,James Flynn,Moral philosopher
1592,Kevin Breel,"Comedian, activist"
1593,Malcolm Gladwell,Writer
1594,Kelli Swazey,Anthropologist
1595,Amy Webb,"Founder and CEO, Future Today Institute"
1596,Fabian Oefner,Photographer
1597,Jason Pontin,Editor
1598,Michael Porter,Business strategist
1599,Michael Sandel,Political philosopher
1600,Janette Sadik-Khan,City transportation expert
1601,Trita Parsi,Political scientist
1602,Gary Slutkin,Epidemiologist
1603,Andrew Fitzgerald,Editor
1604,Jeff Speck,Urban planner
1605,Amanda Bennett,Journalist
1606,Iwan Baan,Urban documentarian
1607,Alessandro Acquisti,Privacy economist
1608,Hetain Patel,Artist
1609,Steve Howard,Corporate innovator
1610,Charles Robertson,Emerging-markets economist
1611,Parul Sehgal,Literary critic
1612,Gian Giudice,Theoretical physicist
1613,Xavier Vilalta,Architect and urbanist
1614,Mariana Mazzucato,Innovation economist
1615,Mohamed Hijri,Biologist
1616,Abha Dawesar,Novelist
1617,Holly Morris,Explorer and filmmaker
1618,Dong Woo Jang,Bow designer
1619,Rodrigo Canales,Business professor
1620,Robin Nagle,Trash anthropologist
1621,Grégoire Courtine,Spinal cord researcher
1622,Mikko Hypponen,Cybersecurity expert
1623,Arthur Benjamin,Mathemagician
1624,Dambisa Moyo,Global economist 
1625,Chris Downey,Architect
1626,Mohamed Ali,Human rights advocate
1627,Stefan Larsson,Value-based health care advocate
1628,Jane McGonigal,Game Designer
1629,Lian Pin Koh,Drones ecologist
1630,Greg Asner,Airborne ecologist
1631,Henry Evans and Chad Jenkins,Robotics activist
1632,Andreas Raptopoulos,Airborne logistics activist
1633,Peter Doolittle,Educational psychology professor
1634,Jared Diamond,Civilization scholar
1635,Suzana Herculano-Houzel,Neuroscientist
1636,David Steindl-Rast,Monk
1637,Toby Eccles,Social investment visionary
1638,Geraldine Hamilton,Bio researcher
1639,Sally Kohn,Political pundit
1640,David Lang,Maker
1641,Enrique Peñalosa,"Colombian politician, urban activist"
1642,Boyd Varty,Environmental and literacy activist
1643,Diébédo Francis Kéré,Community-minded architect
1644,Eddy Cartaya,Cave Explorer
1645,Stephen Cave,Philosopher
1646,Rose George,Curious journalist
1647,Toni Griffin,Place maker
1648,Marco Annunziata,Economist
1649,Andrew Solomon,Writer
1650,Krista Donaldson,Engineer
1651,Paul Piff,Social psychologist
1652,Diana Nyad,"Journalist, swimmer"
1653,Mick Cornett,Mayor
1654,Maysoon Zayid,Comedian and writer 
1655,Suzanne Talhouk,Poet and language advocate
1656,Roger Stein,Financial management expert
1657,Sandra Aamodt,Neuroscientist and science writer
1658,Frederic Kaplan,Digital humanities researcher
1659,Ryan Holladay,
1660,Harish Manwani,"COO, Unilever"
1661,Mark Kendall,Biomedical engineer
1662,Sheryl Sandberg,"COO, Facebook"
1663,Luke Syson,Curator
1664,Guy Hoffman,Roboticist
1665,Shereen El Feki,Arab sexuality expert
1666,Paula Johnson,Women's-health expert
1667,Yves Morieux,Consultant
1668,Joe Kowan,Musician and graphic designer
1669,Anant Agarwal,Education innovator
1670,Anne Milgram,Criminal justice reformer
1671,McKenna Pope,Teen activist
1672,Nicolas Perony,Animal scientist
1673,Maya Penn,"Entrepreneur, animator, philanthropist ..."
1674,Esta Soler,Violence and abuse prevention expert
1675,Dan Berkenstock,Satellite designer
1676,Teddy Cruz,Architect and urbanist
1677,Alex Wissner-Gross,"Scientist, entrepreneur, inventor"
1678,Aparna Rao,Artist
1679,David Puttnam,Producer
1680,Leyla Acaroglu,Sustainability strategist
1681,Chris McKnett,Sustainable investment champion
1682,Rupal Patel,Speech scientist
1683,Yann Dall'Aglio,Philosopher
1684,Molly Stevens,Biomaterials researcher
1685,Roselinde Torres,Leadership expert
1686,Christopher Ryan,Psychologist
1687,Ash Beckham,Equality advocate
1688,Siddharthan Chandran,Regenerative neurologist
1689,Catherine Bracy,"Hacker, community manager"
1690,Michael Metcalfe,Financial expert
1691,Henry Lin,Student scientist
1692,Annette Heuser,Rating agency reformer
1693,Mary Lou Jepsen,Screen engineer
1694,Philip Evans,Consultant
1695,Christopher Soghoian,Privacy researcher and activist
1696,Gabe Barcia-Colombo,Video sculptor
1697,Manu Prakash,"Physicist, inventor"
1698,Ajit Narayanan,Visual grammar engine inventor
1699,Anne-Marie Slaughter,Public policy thinker
1700,Toby Shapshak,Technology writer
1701,Carin Bondar,Wild sex biologist
1702,Steven Pinker and Rebecca Newberger Goldstein,Philosopher and writer
1703,Daniel Reisel,Neuroscientist
1704,Edward Snowden,Whistleblower
1705,Chris Hadfield,Astronaut
1706,Charmian Gooch,Anti-corruption activist
1707,Richard Ledgett,"Deputy director, NSA"
1708,Larry Page,CEO of Google
1709,Ziauddin Yousafzai,Education activist
1710,Bran Ferren,Technology designer
1711,Ed Yong,Science writer
1712,Del Harvey,Security maven
1713,Hugh Herr,Bionics designer
1714,Geena Rocero,Model and activist
1715,TED staff,Amateur musicians
1716,Allan Adams,Theoretical physicist
1717,Bill and Melinda Gates,Philanthropist
1718,Jennifer Golbeck,Computer scientist
1719,Lawrence Lessig,Legal activist
1720,Amanda Burden,Urban planner
1721,Christopher Emdin,Education pioneer
1722,Louie Schwartzberg,Filmmaker
1723,David Sengeh,Biomechatronics engineer
1724,Gabby Giffords and Mark Kelly,Former U.S. Representative and NASA astronaut; survivors
1725,David Brooks,Op-ed columnist 
1726,Jennifer Senior,Writer
1727,Norman Spack,Endocrinologist
1728,Jeremy Kasdin,Planet finder
1729,Matthew Carter,Type designer
1730,Sarah Lewis,Writer
1731,Michel Laberge,Plasma physicist
1732,Hamish Jolly,"Inventor, ocean swimmer"
1733,James Patten,Interaction designer
1734,Elizabeth Gilbert,Writer
1735,Wendy Chung,Geneticist
1736,David Epstein,Sports science reporter
1737,Andrew Bastawrous,"Eye surgeon, inventor"
1738,Gavin Schmidt,Climate scientist
1739,Sarah Jones,Polymorphic playwright
1740,Mellody Hobson,Investment expert
1741,Marco Tempest,Techno-illusionist
1742,Stanley McChrystal,Military leader
1743,Randall Munroe,Cartoonist
1744,Mark Ronson,Music producer and DJ
1745,William Black,Academic
1746,Deborah Gordon,Ecologist
1747,Kevin Briggs,Golden Gate guardian
1748,Tristram Wyatt,Zoologist
1749,Rives,"Performance poet, multimedia artist"
1750,Simon Sinek,Leadership expert
1751,Jackie Savitz,Ocean advocate
1752,Andrew Solomon,Writer
1753,Chris Kluwe,Punter and author
1754,Wes Moore,Author and advocate
1755,Sebastian Junger,Journalist and documentarian
1756,Jon Mooallem,Writer
1757,Kitra Cahana,Vagabond photojournalist + conceptual artist
1758,Stephen Friend,Open-science advocate
1759,Sting,"Composer, singer, author, actor, activist"
1760,Ray Kurzweil,"Inventor, futurist"
1761,Dan Gilbert,Psychologist; happiness expert
1762,Stephen Burt,Poetry critic
1763,Robert Full,Biologist
1764,Yoruba Richen,Documentary filmmaker
1765,Stella Young,"Comedian, journalist, activist"
1766,Keren Elazari,Cybersecurity expert
1767,Will Potter,Investigative journalist
1768,Uri Alon,Systems biologist
1769,AJ Jacobs,Author
1770,Kwame Anthony Appiah,Philosopher
1771,Anne Curzan ,Language historian
1772,Ruth Chang,Philosopher
1773,Jamila Lyiscott,Poet and educator
1774,Billy Collins,Poet
1775,Shaka Senghor,Author
1776,Lorrie Faith Cranor,Security researcher
1777,Naomi Oreskes,Historian of science
1778,Ge Wang,Music technologist
1779,Julian Treasure,Sound consultant
1780,Chris Domas,Cybersecurity researcher
1781,Sara Lewis,Firefly specialist
1782,Simon Anholt,Policy advisor
1783,Paul Bloom,Psychologist
1784,George Takei,Actor and activist
1785,Joi Ito,Relentless mind
1786,Nicholas Negroponte,Tech visionary
1787,Renata Salecl,Theorist
1788,Karima Bennoune,Professor of international law
1789,David Kwong,Cruciverbalist
1790,David Chalmers,Philosopher
1791,Nikolai Begg,Mechanical engineer
1792,Shih Chieh Huang,Artist
1793,Heather Barnett,Artist
1794,Ze Frank,"Humorist, web artist"
1795,Shai Reshef,Education entrepreneur
1796,Margaret Gould Stewart,User experience master
1797,Hubertus Knabe,Historian
1798,Janet Iwasa,Molecular animator
1799,Megan Washington,Musician
1800,Talithia Williams,Statistician
1801,Nick Hanauer,"Venture capitalist, author"
1802,Dan Pacholke,Prison administrator and reformer
1803,Eric Liu,Civics educator
1804,Clint Smith,"Poet, educator"
1805,Tim Berners-Lee,Inventor
1806,Aziza Chaouni,Architect + ecotourism specialist
1807,Jarrett J. Krosoczka,Author/illustrator
1808,Laurel Braitman,Science Historian + Writer
1809,Ziyah Gafić,Photographer + storyteller
1810,Martin Rees,Astrophysicist
1811,Rose Goslinga,Microinsurer
1812,Meera Vijayann,Citizen journalist
1813,Sally Kohn,Political pundit
1814,Jill Shargaa,Comedian + Designer
1815,Jim Holt,Writer and philosopher
1816,Isabel Allende,Novelist
1817,Shubhendu Sharma,Eco-entrepreneur
1818,Colin Grant,"Author, historian"
1819,Zak Ebrahim,Peace activist
1820,Dan Barasch,Strategist
1821,Hans and Ola Rosling,Global health expert; data visionary
1822,Uldus Bakhtiozina,photographer + visual artist
1823,Rishi Manchanda,Physician
1824,Andrew Connolly,Astronomer
1825,Mac Barnett,Children's book author
1826,Avi Reichental,3D printer
1827,Antonio Donato Nobre,Scientist
1828,Lord Nicholas Stern,Climate economist
1829,Kenneth Cukier,Data Editor of The Economist
1830,Eman Mohammed,Photojournalist
1831,Matthew O'Reilly,Emergency medical technician
1832,Moshe Safdie,Architect
1833,Francis de los Reyes,"Environmental engineer, sanitation activist"
1834,Susan Colantuono,Leadership expert
1835,Gail Reed,Cuban health care expert
1836,Nancy Kanwisher,Brain researcher
1837,Daria van den Bercken,Pianist
1838,Thomas Piketty,Economist
1839,Meaghan Ramsey,Self-esteem advocate
1840,Pia Mancini,Democracy activist
1841,Dilip Ratha,Remittances expert
1842,Glenn Greenwald,Journalist
1843,Jeff Iliff,Neuroscientist
1844,Myriam Sidibe,Public-health expert
1845,Jorge Soto,Cancer technologist
1846,Melissa Fleming,Voice for refugees
1847,Kitra Cahana,Vagabond photojournalist + conceptual artist
1848,Susan Etlinger,Data analyst
1849,Fred Swaniker,Educational entrepreneur
1850,Joy Sun,Veteran aid worker
1851,Fabien Cousteau,Ocean explorer and environmentalist
1852,Marc Abrahams,Science humorist
1853,Kimberley Motley,International litigator
1854,Sergei Lupashin,Aerial robotics researcher
1855,Frans Lanting,Nature photographer
1856,Debra Jarvis,Chaplain + author
1857,Jeremy Heimans,Activist
1858,Alessandra Orofino,Political mobilization activist
1859,Ameenah Gurib-Fakim,President of Mauritius
1860,Kare Anderson,Writer
1861,Alejandro Aravena,Urban architect
1862,Haas&Hahn,Favela painters
1863,Ramanan Laxminarayan,Drug-resistance economist
1864,Michael Green,Social progress expert
1865,Ethan Nadelmann,Drug policy reformer
1866,Leana Wen,"Emergency physician, public health advocate"
1867,Vincent Moon and Naná Vasconcelos,Music icon
1868,David Grady,Information security manager
1869,Will Marshall,Space scientist
1870,Nancy Frates,Mother + ALS Advocate
1871,Joe Landolina,medical inventor
1872,Rosie King,Storytelling activist
1873,Mark Plotkin,Amazonian ethnobotanist
1874,Emily Balcetis,Psychologist
1875,Pico Iyer,Global author
1876,Oren Yakobovich,Human-rights activist
1877,Ben Saunders,Arctic explorer
1878,Rainer Strack,Human resources expert
1879,Barbara Natterson-Horowitz,Cardiologist
1880,Aakash Odedra,Choreographer
1881,Jose Miguel Sokoloff,Anti-guerrilla creative
1882,Anastasia Taylor-Lind,Documentary photographer
1883,Thomas Hellum,Slow television advocate
1884,Catherine Crump,Attorney + privacy advocate
1885,Dave Troy,Technologist
1886,Vernā Myers,Diversity advocate
1887,Jeremy Howard,Data scientist
1888,Carol Dweck,Psychologist
1889,Bruno Torturra,Livestreaming activist
1890,Mundano,Graffiti artist + activist
1891,Erin McKean,Dictionary editor
1892,Michael Rubinstein,"Research scientist, Google"
1893,Asha de Vos,Protector of whales
1894,Daniele Quercia,Map researcher
1895,Aziz Abu Sarah,Entrepreneur + educator
1896,Fredy Peccerelli,Forensic anthropologist
1897,Tasso Azevedo,Forester and sustainability activist
1898,Navi Radjou,Innovation strategist
1899,Robert Swan,Polar explorer
1900,Robert Muggah,Megacities expert
1901,Cristina Domenech,Poet and educator
1902,Matthieu Ricard,"Monk, author, photographer"
1903,Sarah Bergbreiter,Microroboticist
1904,Joe Madiath,Social entrepreneur
1905,Morgana Bailey,Human resources professional
1906,Miguel Nicolelis,Neuroscientist
1907,Severine Autesserre,Peace and conflict researcher
1908,Khadija Gbla,Cross-cultural consultant
1909,Bassam Tariq,Creative spirit
1910,Zeynep Tufekci,Techno-sociologist
1911,Bruce Aylward,Epidemiologist
1912,Ben Ambridge,Psychologist
1913,Tom Wujec,Designer
1914,Brian Dettmer,
1915,Jaap de Roode,Biologist
1916,Ricardo Semler,Organizational changemaker
1917,Kenneth Shinozuka,Smart product inventor
1918,Hannah Fry,Complexity theorist
1919,Guy Winch,"Psychologist, author"
1920,Nadine Burke Harris,Pediatrician
1921,Laura Boushnak,Photographer
1922,Angelo Vermeulen,"Space researcher, biologist, artist"
1923,James A. White Sr.,Consultant
1924,Rob Knight,Microbial ecologist
1925,Khalida Brohi,Women’s rights activist and entrepreneur
1926,Romina Libster,Medical researcher
1927,Ben Wellington,Data scientist
1928,Helder Guimarães,Magician
1929,Jon Gosier,"Investor, data scientist, entrepreneur"
1930,Topher White,Conservation technologist
1931,Harry Baker,Poet
1932,Andy Yen,Secure email developer
1933,Ilona Szabó de Carvalho,Policy reformer
1934,Sangu Delle,Entrepreneur
1935,Marc Kushner,Architect
1936,Ismael Nazario,Prison reform advocate
1937,Shimpei Takahashi,Toy designer
1938,Linda Hill,Management professor
1939,Vincent Cochetel,Humanitarian
1940,Robyn Stein DeLuca,Psychologist
1941,David Eagleman,Neuroscientist
1942,Joseph DeSimone,"Chemist, inventor"
1943,Monica Lewinsky,Social activist
1944,Fei-Fei Li,Computer scientist
1945,Anand Giridharadas,Writer
1946,Dave Isay,Story collector
1947,Theaster Gates,"Artist, potter, community builder"
1948,Dame Stephanie Shirley,Entrepreneur and philanthropist
1949,Alison Killing,Architect
1950,Daniel Kish,Perceptual navigation specialist
1951,Kevin Rudd,International relations expert 
1952,Boniface Mwangi,
1953,Bill Gates,Philanthropist
1954,Bel Pesce,Entrepreneur
1955,Eduardo Sáenz de Cabezón,Math educator
1956,Dan Ariely,Behavioral economist
1957,Fred Jansen,Space explorer
1958,Barat Ali Batoor,Photojournalist
1959,Kailash Satyarthi,Children’s rights activist
1960,Takaharu Tezuka,Architect
1961,Paul Tudor Jones II,Investor
1962,Nathalie Cabrol,Planetary explorer
1963,Gary Haugen,Human rights attorney
1964,Jedidah Isler,Astrophysicist
1965,Chris Milk,Immersive storyteller
1966,Clint Smith,"Poet, educator"
1967,Nizar Ibrahim,Paleontologist
1968,Nick Bostrom,Philosopher
1969,Greg Gage,Neuroscientist
1970,Sophie Scott,"Neuroscientist, stand-up comic"
1971,Alice Goffman,Urban sociologist
1972,Pamela Ronald,Plant geneticist
1973,Abe Davis,Computer scientist
1974,Bill T. Jones,"Director/choreographer, dancer"
1975,Tal Danino,Synthetic biologist
1976,Dawn Landes,Singer-songwriter
1977,Anand Varma,Photographer
1978,Elora Hardy,Sustainable designer
1979,Roman Mars,Digital storyteller
1980,The Lady Lifers,Inmates
1981,Martine Rothblatt,Transhumanist
1982,Cosmin Mihaiu,Physical therapy entrepreneur
1983,Steven Wise,Animal rights lawyer
1984,Esther Perel,Relationship therapist
1985,Chris Burkard,Surf photographer
1986,Jeffrey Brown,Pastor
1987,Yassmin Abdel-Magied,"Mechanical engineer, social advocate"
1988,Sara Seager,Exoplanet expert
1989,Jimmy Nelson,Last tribes photographer
1990,Bill Gross,Idea guy
1991,Laura Schulz,Cognitive scientist
1992,Tony Fadell,Product creator
1993,Trevor Aaronson,Journalist
1994,Linda Cliatt-Wayman,High school principal
1995,Suki Kim,Writer
1996,Sarah Jones,Polymorphic playwright
1997,Donald Hoffman,Cognitive scientist
1998,Lee Mokobe,Poet
1999,Rana el Kaliouby,Computer scientist
2000,Margaret Heffernan,Management thinker
2001,Steve Silberman,Writer and editor
2002,LaToya Ruby Frazier,Photographer
2003,Joey Alexander,Jazz pianist
2004,Roxane Gay,Writer
2005,Chip Kidd,Graphic designer
2006,Maryn McKenna,Public health journalist
2007,Chris Urmson,Roboticist
2008,Dame Ellen MacArthur,Circular economy advocate
2009,Jimmy Carter,Peace activist
2010,Latif Nasser,Radio researcher
2011,Gayle Tzemach Lemmon,Reporter
2012,Rajiv Maheswaran,Researcher
2013,Memory Banda,Activist
2014,Johann Hari,Journalist
2015,Ash Beckham,Equality advocate
2016,Noy Thrupkaew,Global journalist
2017,Aspen Baker,Listener
2018,Alec Soth + Stacey Baker,Photo editor
2019,Salvatore Iaconesi,Open-source engineer and artist
2020,Marlene Zuk,Evolutionary biologist
2021,Jon Ronson,Writer and filmmaker
2022,Alaa Murabit,Peace expert
2023,John Green,Writer
2024,eL Seed,Artist
2025,Yuval Noah Harari,Historian
2026,Benedetta Berti,International policy analyst
2027,Rich Benjamin,Social observer
2028,Matt Kenyon,New media artist
2029,Patience Mthunzi,Laser scientist
2030,Alix Generous,Advocate
2031,Manuel Lima,Data visualization researcher
2032,Tony Wyss-Coray,Brain scientist
2033,Christopher Soghoian,Privacy researcher and activist
2034,Dustin Yellin,Sculptor 
2035,Jim Al-Khalili,Quantum physicist
2036,Seth Berkley,Vaccine visionary
2037,Robin Murphy,Disaster roboticist
2038,Yves Morieux,Consultant
2039,Wendy Freedman,Astronomer
2040,Elizabeth Nyamayaro,Political scientist
2041,Jamie Bartlett,Social media analyst
2042,Jim Simons,"Philanthropist, mathematician"
2043,Alan Eustace,Stratospheric explorer
2044,Barry Schwartz,Psychologist
2045,BJ Miller,Palliative care physician
2046,Billie Jean King,Tennis legend and activist
2047,David Rothkopf,Foreign policy strategist
2048,Mia Birdsong,Family activist
2049,Michael Kimmel,Sociologist
2050,Mandy Len Catron,Writer
2051,Scott Dinsmore,"Writer, traveler"
2052,Sakena Yacoobi,Education activist
2053,Frances Larson,Anthropologist
2054,Mary Robinson,Global leader
2055,Robin Morgan,Poet and activist
2056,Samuel Cohen,Research scientist
2057,Taiye Selasi,Author
2058,Mac Stone,Photographer
2059,Martin Pistorius,"Author, designer"
2060,Emilie Wapnick,"Writer, coach, artist ..."
2061,Alice Bows-Larkin,Climate scholar
2062,Siddhartha Mukherjee,Cancer physician and writer
2063,Neri Oxman,"Architect, designer"
2064,Sandrine Thuret,Neural stem cell researcher
2065,Teitur,Singer-songwriter
2066,Michael Green,Social progress expert
2067,Vijay Kumar,Roboticist
2068,Alyson McGregor,Women's health pioneer
2069,Anders Fjellberg,Journalist
2070,Meklit Hadero,Singer-songwriter
2071,Will Potter,Investigative journalist
2072,Jennifer Doudna,Biologist
2073,Tea Uglow,Designer
2074,Francesco Sauro,Speleologist
2075,Hilary Cottam,Innovator and social entrepreneur
2076,Cesar Harada,"Inventor, environmentalist, educator"
2077,Christine Sun Kim,"Sound artist, composer"
2078,Mathias Jud,Artist
2079,Daniel Levitin,Neuroscientist
2080,Nancy Lublin,Activist
2081,Melissa Fleming,Voice for refugees
2082,Patrícia Medici,Wildlife conservationist
2083,Harald Haas,Communications technology innovator
2084,Kaki King,Guitarist
2085,Jenni Chang and Lisa Dazols,Documentary filmmakers
2086,Andreas Ekström,Author and journalist
2087,Chelsea Shields,"Activist, anthropologist, consultant"
2088,Jean-Paul Mari,Journalist and psychologist
2089,Josh Luber,Sneaker data expert
2090,Nonny de la Peña,Virtual reality pioneer
2091,Anote Tong,President of the Republic of Kiribati
2092,Carl Safina,"Ecologist, writer"
2093,Genevieve von Petzinger,Paleoanthropologist and rock art researcher
2094,Ann Morgan,"Writer, blogger, author"
2095,Regina Hartley,"Human Resources Manager, UPS"
2096,Marina Abramović,Performance artist
2097,Kristen Marhaver,Coral reef biologist
2098,Jessica Shortall,"Strategy consultant, social entrepreneur and author"
2099,Chieko Asakawa,Visionary inventor
2100,Guillaume Néry,World champion freediver
2101,Jedidah Isler,Astrophysicist
2102,Danit Peleg,Fashion designer
2103,Raymond Wang,Inventor
2104,Nicole Paris and Ed Cage,Beatboxers
2105,Paul Greenberg,Author
2106,Lucianne Walkowicz,Stellar astronomer
2107,Alison Killing,Architect
2108,Jane Fonda and Lily Tomlin,Actor and activist
2109,António Guterres,Designate Secretary-General of the United Nations
2110,Rodrigo Bijou,Security researcher 
2111,Jason deCaires Taylor,Sculptor
2112,Robert Waldinger,"Psychiatrist, psychoanalyst and Zen priest"
2113,Harry Cliff,Particle physicist
2114,Sebastian Wernicke,Data scientist
2115,Aomawa Shields,"Astronomer, astrobiologist, actor, writer"
2116,David Sedlak,Civil and environmental engineer
2117,James Veitch,Comedian and writer
2118,Tim Harford,"Economist, journalist and broadcaster"
2119,Melvin Russell,"Chief of the Community Partnership Division, Baltimore Police Department"
2120,Wael Ghonim,Internet activist and computer engineer
2121,Ole Scheeren,Architect
2122,Jill Heinerth,Cave diver
2123,Jill Farrant,Professor of molecular and cell biology
2124,Oscar Schwartz,Writer and poet
2125,Achenyo Idachaba,Green entrepreneur
2126,Elizabeth Lev,Art historian
2127,Yanis Varoufakis,Economist and professor
2128,David Gruber,"Marine biologist, explorer-photographer"
2129,Tania Simoncelli,Policy expert
2130,Auke Ijspeert,Roboticist
2131,Melati and Isabel Wijsen,Activists
2132,Linda Liukas,"Programmer, storyteller and illustrator"
2133,Andrés Ruzo,Geoscientist
2134,Judson Brewer,Mindful addiction doctor
2135,Pardis Sabeti,Computational geneticist
2136,Matthew Williams,Special Olympics International Sargent Shriver Global Messenger
2137,Dambisa Moyo,Global economist 
2138,Sean Follmer,Human-computer interaction researcher and designer
2139,Gregory Heyworth,Textual scientist
2140,Mike Velings,Entrepreneur and conservationist
2141,Dorothy Roberts,"Professor, author and social justice advocate"
2142,Jocelyne Bloch,Functional neurosurgeon
2143,Celeste Headlee,Writer and radio host
2144,Shonda Rhimes,Writer and producer
2145,Allan Adams,Theoretical physicist
2146,Raffaello D'Andrea,Autonomous systems pioneer
2147,Al Gore,Climate advocate
2148,Dalia Mogahed,Muslim studies scholar
2149,Audrey Choi,Sustainable investment expert
2150,Mary Bassett,New York City Health Commissioner
2151,Ivan Coyote,"Writer, performer"
2152,Thomas Peschak,Conservation photographer
2153,Magda Sayeg,Textile artist
2154,Russ Altman,Big data techno-­optimist and internist
2155,Alexander Betts,Social scientist
2156,Travis Kalanick,Entrepreneur
2157,Reshma Saujani,Education activist
2158,Caleb Harper,Principal Investigator and Director of the Open Agriculture Initiative
2159,Laura Robinson,Ocean scientist
2160,Mileha Soneji,Product designer
2161,Tshering Tobgay,Prime Minister of Bhutan
2162,Casey Gerald,American
2163,Joe Gebbia,"Designer, co-founder of Airbnb"
2164,Tim Urban,Blogger
2165,Jessica Ladd,"Founder and CEO, Callisto"
2166,Arthur Brooks,"Social scientist, author "
2167,Meron Gribetz,"Founder and CEO, Meta"
2168,Adam Foss,Juvenile justice reformer
2169,Carol Fishman Cohen,"CEO and co-founder, iRelaunch"
2170,Latif Nasser,Radio researcher
2171,Siyanda Mohutsiwa,Writer
2172,Alex Kipman,Inventor
2173,Angélica Dass,Artist and photographer
2174,Dan Gross,Gun-control activist
2175,Lisa Nip,Synthetic biologist 
2176,Knut Haanaes,Strategist
2177,Adam Grant,Organizational psychologist
2178,Haley Van Dyck,Disrupter
2179,Parag Khanna,Global strategist
2180,Danielle Feinberg,"Director of photography, Pixar"
2181,Tabetha Boyajian,Astronomer
2182,Robert Palmer,"Campaign leader, Global Witness"
2183,Linus Torvalds,Software engineer
2184,Hugh Evans,Humanitarian
2185,Stephen Petranek,Technology forecaster 
2186,Paula Hammond,Medical researcher and educator 
2187,Astro Teller,"Entrepreneur, inventor, author"
2188,Mary Norris,Copy editor
2189,Christiana Figueres,Climate advocate
2190,Chris Anderson,TED Curator
2191,Joshua Prager,Journalist
2192,Juan Enriquez,Futurist
2193,Aditi Gupta,"Social entrepreneur, co-founder of Menstrupedia"
2194,Kenneth Lacovara,Paleontologist
2195,Shivani Siroya,Mobile finance entrepreneur
2196,R. Luke DuBois,"Artist, composer, engineer"
2197,Ameera Harouda,Fixer
2198,Michael Metcalfe,Financial expert
2199,Riccardo Sabatini,"Scientist, entrepreneur"
2200,Sarah Gray,Researchers' dream donator
2201,Alice Rawsthorn,Design critic
2202,Dan Pallotta,"Author, speaker, reformer"
2203,Monica Byrne,Author and playwright
2204,Michael Bodekaer,Entrepreneur
2205,Jennifer Kahn,Science journalist
2206,Uri Hasson,Neuroscientist
2207,Sanford Biggers,Conceptual artist
2208,Sangeeta Bhatia,"Physician, bioengineer and entrepreneur "
2209,Kang Lee,Developmental researcher
2210,Laura Indolfi,Biomedical entrepreneur
2211,Sebastian Junger,Journalist and documentarian
2212,Juno Mac,Sex worker and activist
2213,Trevor Timm,"Writer, activist and legal analyst﻿"
2214,Lidia Yuknavitch,Author
2215,Mariano Sigman,Neuroscientist
2216,Zaria Forman,Artist
2217,Joseph Ravenell,Physician and men’s health advocate
2218,Adam Driver,Actor and Marine Corps veteran
2219,Sue Desmond-Hellmann,"CEO, Gates Foundation"
2220,Samantha Nutt,"Doctor, writer and humanitarian"
2221,Norman Lear,"Producer, activist"
2222,Stephen Wilkes,Narrative photographer
2223,Cédric Villani,Mathematician
2224,Amit Sood,Technologist
2225,ShaoLan,"Technologist, entrepreneur"
2226,Sajay Samuel,Educator
2227,Negin Farsad,"Comedian, filmmaker"
2228,Andrew Youn,Anti-hunger activist
2229,Jamila Raqib,Peacemaker
2230,Andrew Pelling,Biohacker
2231,Chris Milk,Immersive storyteller
2232,Tristan Harris,Design thinker
2233,Gill Hicks,Survivor and activist
2234,Keolu Fox,"Geneticist, indigenous rights activist"
2235,Seema Bansal,Education innovator
2236,Brian Little,Personality researcher
2237,Tom Hulme,"Designer, venturer"
2238,Wanda Diaz Merced,Sonic astrophysicist
2239,Blaise Agüera y Arcas,Software architect
2240,Julia Galef,Writer
2241,Prosanta Chakrabarty,Ichthyologist
2242,John Legend,"Singer, musician, composer"
2243,Marwa Al-Sabouni,Architect
2244,Alexander Betts,Social scientist
2245,Safwat Saleem,"Artist, graphic designer, filmmaker"
2246,Elise Roy,"Lawyer, artist, human rights advocate"
2247,Leila Hoteit,Women's advocate
2248,Eric Haseltine,"Author, futurist, innovator"
2249,Emma Marris,Environmental writer
2250,Shubhendu Sharma,Eco-entrepreneur
2251,Adam Savage,"Maker, critical thinker"
2252,Lisa Dyson,Sustainability crusader
2253,eL Seed,Artist
2254,Gerard Ryle,Investigative journalist
2255,Ed Boyden,Neuroengineer
2256,Suzanne Simard,Forest ecologist
2257,Anthony Goldbloom,Machine learning expert
2258,Martin Reeves,Strategist
2259,Molly Winter,Designer
2260,Ngozi Okonjo-Iweala,Economist
2261,Dave Brain,Planetary scientist
2262,Monica Araya,Climate advocate
2263,James Green, Space physicist
2264,Sarah Parcak,Satellite archaeologist + TED Prize winner
2265,Anand Giridharadas,Writer
2266,Gonzalo Vilariño,"Lawyer, coach"
2267,Olivier Scalabre,Industrial systems thinker
2268,Timothy Ihrig,Palliative care physician
2269,Laura Boushnak,Photographer
2270,Don Tapscott,Digital strategist
2271,Vanessa Ruiz,Anatomical artist
2272,Julia Bacha,Filmmaker
2273,Christopher Bell,Media studies scholar
2274,Kio Stark,Stranger enthusiast
2275,Jonathan Tepperman,Global affairs thinker
2276,James Veitch,Comedian and writer
2277,Sal Khan,Educator and social entrepreneur
2278,Courtney E. Martin,Journalist
2279,David Camarillo,Bioengineer
2280,Franz Freudenthal,Pediatric cardiologist
2281,Neha Narula,Currency futurist
2282,Julie Lythcott-Haims,"Academic, author"
2283,Michael Shellenberger,Climate policy expert
2284,Michael Murphy,Designer
2285,Abigail Marsh,Psychologist
2286,Eric Liu,Civics educator
2287,David Burkus,Management researcher
2288,Nadia Lopez,Educator
2289,Sebastian Kraves,Biotech entrepreneur
2290,Rebecca MacKinnon,Internet freedom activist
2291,J.D. Vance,Author
2292,Camille A. Brown,Choreographer and educator
2293,Oded Shoseyov,Nanobiotechnologist
2294,Sam Harris,"Neuroscientist, philosopher"
2295,Helen Fisher,"Anthropologist, expert on love"
2296,Ellen Jorgensen,"Biologist, community science advocate"
2297,Sayu Bhojwani,Immigration scholar
2298,Adam de la Zerda,"Biologist, electrical engineer"
2299,Isaac Lidsky,"Author, entrepreneur"
2300,Rainn Wilson,"Actor, writer"
2301,John McWhorter,Linguist
2302,Ione Wells,"Writer, activist"
2303,Pico Iyer,Global author
2304,Melissa Walker,Creative arts therapist
2305,Jim Hemerling,Organizational change expert
2306,Trevor Copp and Jeff Fox,Artistic director
2307,Rachel Botsman,Trust researcher
2308,Todd Coleman,Bioelectronics innovator﻿
2309,Zeynep Tufekci,Techno-sociologist
2310,Manwar Ali,Peace activist
2311,Philippa Neave,Electoral consultant
2312,Wanis Kabbaj,Transportation geek
2313,Ian Bremmer,Political theorist
2314,Alyssa Monks,Painter
2315,Tasos Frantzolas,Entrepreneur
2316,Silk Road Ensemble + Rhiannon Giddens,Musical explorers
2317,Kelli Jean Drinkwater,"Artist, activist "
2318,Christopher Soghoian,Privacy researcher and activist
2319,Kandice Sumner,Educator
2320,Mallory Soldner,Data activist
2321,Tim Leberecht,Business romantic
2322,"Amanda Palmer, Jherek Bischoff, Usman Riaz","Musician, blogger"
2323,Halla Tómasdóttir,Change catalyst
2324,Suzanne Barakat,Physician
2325,Jonathan Haidt,Social psychologist
2326,Fawn Qiu,Technologist
2327,Hector Garcia,Psychologist
2328,Kimberlé Crenshaw,Civil rights advocate
2329,Bettina Warburg,Blockchain entrepreneur and researcher
2330,Steven Johnson,Writer
2331,Victor Rios,"Educator, author"
2332,Roger Antonsen,"Logician, mathematician, computer scientist"
2333,Sandi Toksvig,"Broadcast personality, politician, author"
2334,Juan Enriquez,Futurist
2335,Adam Galinsky,Social psychologist
2336,Joe Lassiter,Energy scholar
2337,"Alicia Garza, Patrisse Cullors and Opal Tometi","Writer, activist"
2338,Danny Dorling,Social geographer
2339,Ryan Gravel,"Urban planner, designer, author"
2340,Kate Adams,Digital storyteller
2341,Tiq Milan and Kim Katrin Milan,Transgender activist
2342,Natalie Panek,"Rocket scientist, explorer"
2343,Jia Jiang,"Author, blogger, entrepreneur"
2344,Elizabeth Lesser,Wellness specialist
2345,Veerle Provoost,Bioethicist
2346,Kevin B. Jones,Cancer researcher
2347,Kevin Kelly,Digital visionary
2348,Rebecca Brachman,"Neuroscientist, writer, entrepreneur"
2349,Dena Simmons,Educator
2350,Laura Vanderkam,Author
2351,David Autor,Economist
2352,Chinaka Hodge,"Writer, educator"
2353,Anjali Tripathi,Astrophysicist
2354,Sharon Brous,Rabbi
2355,James Beacham,Experimental particle physicist
2356,Adam Grant,Organizational psychologist
2357,Erika Gregory,Nuclear reformer
2358,Sam Kass,Food entrepreneur
2359,Sofia Jawed-Wessel,Sex researcher
2360,Mandy Len Catron,Writer
2361,George Tulevski,Materials scientist
2362,Dan Bricklin,Software pioneer
2363,Alejandro Sánchez Alvarado,Developmental and regeneration biologist
2364,Sisonke Msimang,"Writer, activist"
2365,Jennifer Brea,Filmmaker
2366,Ashley Judd,"Actor, activist"
2367,Emily Parsons-Lord,Artist
2368,Robb Willer,Social psychologist
2369,Paul Knoepfler,Biologist
2370,Jeanne Gang,Architect
2371,Caleb Barlow,Cybercrime fighter
2372,Deeyah Khan,Filmmaker
2373,Deepika Kurup,"Inventor, student scientist"
2374,Sarah Parcak,Satellite archaeologist + TED Prize winner
2375,Alan Smith,Data visualisation editor
2376,Eduardo Briceño,Learning expert
2377,Sue Klebold,Activist
2378,Nagin Cox,Spacecraft operations engineer
2379,Maurice Conti,"Designer, futurist"
2380,Thordis Elva and Tom Stranger,Writer
2381,Joshua Smith,Cancer fighter
2382,Jeff Speck,Urban planner
2383,Aala El-Khani,Humanitarian psychologist
2384,Miriam Zoila Pérez,"Writer, activist"
2385, Rodrigo y Gabriela,Guitar duo
2386,Amy Adele Hasinoff,Communications researcher
2387,Lara Setrakian,Journalist
2388,Salil Dudani,Legal activist
2389,Grady Booch,"Scientist, philosopher"
2390,Yuval Noah Harari,Historian
2391,Brittney Cooper,Cultural theorist
2392,Jonathan Rossiter,Roboticist
2393,Charity Wayua,Public sector researcher
2394,Stacy Smith,Media researcher
2395,Ani Liu,"Designer, artist"
2396,Jeff Kirschner,Entrepreneur
2397,Lux Narayan,Entrepreneur
2398,Kathy Hull,Pediatric psychologist
2399,Sara Ramirez,"Singer, songwriter, actress"
2400,Carrie Poppy,"Writer, radio host, comedian"
2401,Megan Phelps-Roper,"Writer, activist"
2402,Caroline Paul,Author
2403,Jude Kelly,"Theater director, producer"
2404,Joy Buolamwini,Poet of code
2405,John Koenig,Writer
2406,Caitlin Doughty,Progressive mortician
2407,Carrie Nugent,Asteroid hunter
2408,Peggy Orenstein,"Journalist, author"
2409,Karina Galperin,Literary scholar
2410, Silk Road Ensemble,Musical explorers
2411,Dan Bell,Filmmaker
2412,Peter Weinstock,Pediatric ICU doctor
2413,Michele L. Sullivan,Social innovator
2414,Margaret Bourdeaux,"Physician, global health policy analyst"
2415,Simon Anholt,Policy advisor
2416,Mona Chalabi,Data journalist
2417,Ashton Cofer,Youth inventor
2418,Katie Hinde,Lactation researcher
2419,Michael Botticelli,Drug policy expert
2420,Moshe Szyf,Epigeneticist
2421,Sō Percussion,Percussion ensemble
2422,Emtithal Mahmoud,Poet
2423,Casey Brown,Pricing consultant
2424,"Gretchen Carlson, David Brooks","TV journalist, women's empowerment advocate"
2425,Katie Bouman,Imaging scientist
2426,Sebastián Bortnik,Information security specialist 
2427,David R. Williams,Public health sociologist
2428,Giorgia Lupi,Information designer
2429,Ari Wallach,Futurist
2430,Jonathan Marks,"Bioethicist, lawyer"
2431,Todd Scott,First aid instructor
2432,Zubaida Bai,Women's health advocate
2433,Chimamanda Ngozi Adichie,Novelist
2434,Siamak Hariri,Architect
2435,Natasha Hurley-Walker,Astronomer
2436,Amy Green,Video game designer
2437,David Casarett,Physician
2438,"Curtis ""Wall Street"" Carroll",Financial literacy advocate
2439,Stephanie Busari,Journalist
2440,Siddhartha Roy,Environmental engineer
2441,His Holiness Pope Francis,Bishop of Rome
2442,Serena Williams and Gayle King,Athlete
2443,Lisa Genova,"Neuroscientist, novelist"
2444,Elon Musk,Serial entrepreneur
2445,Deborah Lipstadt,Historian
2446,Laura Galante,Cyberspace analyst
2447,Sangu Delle,Entrepreneur
2448,Karim Abouelnaga,Education entrepreneur
2449,Carolyn Jones,Photographic ethnographer
2450,Robert Sapolsky,"Neuroscientist, primatologist, writer"
2451,Jorge Drexler,"Musician, poet"
2452,Kate Stafford,Oceanographer
2453,Shah Rukh Khan,"Actor, producer, activist"
2454,Stuart Russell,AI expert
2455,Lucy Kalanithi,Caregiver
2456,Ted Halstead,"Policy entrepreneur, climate expert, author"
2457,Wendy Troxel,Sleep researcher
2458,T. Morgan Dixon and Vanessa Garrison,Health activist
2459,Rutger Bregman,Historian
2460,Sitawa Wafula,Mental health advocate
2461,Anthony D. Romero,"Attorney, public-interest activist"
2462,Nina Fedoroff,Molecular biologist
2463, OK Go,Band
2464,Triona McGrath,Chemical oceanographer
2465,Garry Kasparov,"Grandmaster, analyst"
2466,Marlon Peterson,Human justice advocate
2467,Raj Panjabi,Physician
2468,Rhiannon Giddens,Musician
2469,Michael Bierut,"Designer, critic"
2470,Michael Patrick Lynch,Philosopher
2471,Justin Davidson,Architecture critic
2472,Carina Morillo,Autism advocate
2473,Mehdi Ordikhani-Seyedlar,Neuroscientist
2474,Anne Lamott,"Novelist, essayist"
2475,Tim Ferriss,"Investor, human guinea pig, author"
2476,Richard Browning,"Founder, Gravity"
2477,Katrina Spade,"Inventor, designer, death care advocate"
2478,Sharon Terry,Citizen biomedical researcher
2479, Sofi Tukker,Band
2480,Jim Yong Kim,"President, World Bank Group"
2481,Anab Jain,"Futurist, designer"
2482,David Miliband,Refugee advocate
2483,Sinéad Burke,"Writer, educator"
2484,Cheyenne Cochrane,Storyteller
2485,Luma Mufleh,Refugee activist
2486,Manu Prakash,"Physicist, inventor"
2487,Rabbi Lord Jonathan Sacks,Religious leader
2488,Jorge Ramos,"Journalist, news anchor"
2489,Liz Hajek,Geoscientist
2490,Adam Alter,Psychologist
2491,Kate Marvel,Climate scientist
2492,Anil Seth,Cognitive neuroscientist
2493,Tricia Wang,Technology ethnographer
2494,Noah Feldman,Constitutional law scholar
2495,Susan Robinson,"Business executive, entrepreneur"
2496,Grace Kim,Architect
2497,Jimmy Lin,Geneticist
2498,Tristan Harris,Design thinker
2499,Jennifer Pluznick,Physiologist
2500,Kristen Marhaver,Coral reef biologist
2501,Marc Raibert,Roboticist
2502,Titus Kaphar,Artist
2503,Ingrid Betancourt,"Writer, peace advocate"
2504,Françoise Mouly,Art editor
2505,Joseph Redmon,Computer scientist
2506,Tom Gruber,AI product designer
2507,Anjan Chatterjee,Cognitive neuroscientist
2508,Ashton Applewhite,"Author, activist"
2509,David Baron,Science writer
2510,Jon Boogz and Lil Buck,Movement artist
2511,Anne Madden,"Microbiologist, inventor and strategist"
2512,Damon Davis,Artist and filmmaker
2513,Manoush Zomorodi,Tech podcaster
2514,Ronald Sullivan,Clinical professor of law
2515,Jack Conte,"Musician, entrepreneur"
2516,Peter Calthorpe,Urban designer
2517,Richard J. Berry,Mayor of Albuquerque
2518,Susan Pinker,Developmental psychologist
2519,Anika Paulson,"Student, musician"
2520,Cathy O'Neil,"Mathematician, data scientist"
2521,Iyad Rahwan,Computational social scientist
2522,David Whyte,"Poet, author"
2523,Robin Hanson,"Futurist, social scientist"
2524,Carolyn Bertozzi,Chemical biologist
2525,Laolu Senbanjo,"Artist, musician, lawyer, activist"
2526,Niki Okuk,Entrepreneur
2527,Wanuri Kahiu,"Filmmaker, writer"
2528,Tara Winkler," Child protection leader, activist, author "
2529,Noriko Arai,AI expert
2530,Jennifer Granick,Surveillance and cybersecurity counsel
2531,Chance Coughenour,Digital archaeologist
2532,Chetan Bhatt,"Sociologist, human rights activist"
2533,Daan Roosegaarde,Artist
2534,Erin Marie Saltman,Policy researcher
2535,Ray Dalio,Hedge fund chair
2536,Tomás Saraceno,Artist
2537,Benjamin Grant,Author
2538,OluTimehin Adegbeye,"Writer, activist"
2539,Caitlin Quattromani and Lauran Arledge,Marketing leader
2540,Emily Esfahani Smith,Author
2541,Alexander Wagner,Economist
2542,Pierre Thiam,Chef
2543,Augie Picado,Border specialist
2544,Helen Czerski,Physicist
2545,Sethembile Msezane,Artist
2546,Jun Wang,Genomics researcher
2547,Olúfẹ́mi Táíwò,"Historian, philosopher"
2548,Duarte Geraldino,Journalist
2549,Armando Azua-Bustos,Astrobiologist
2550,Radhika Nagpal, Robotics engineer
2551,Theo E.J. Wilson,Public intellectual
2552,Karoliina Korppoo,Game designer
